mutation,foldx_mutation
M1A,MA1A;
M1C,MA1C;
M1D,MA1D;
M1E,MA1E;
M1F,MA1F;
M1G,MA1G;
M1H,MA1H;
M1I,MA1I;
M1K,MA1K;
M1L,MA1L;
M1N,MA1N;
M1P,MA1P;
M1Q,MA1Q;
M1R,MA1R;
M1S,MA1S;
M1T,MA1T;
M1V,MA1V;
M1W,MA1W;
M1Y,MA1Y;
A2C,AA2C;
A2D,AA2D;
A2E,AA2E;
A2F,AA2F;
A2G,AA2G;
A2H,AA2H;
A2I,AA2I;
A2K,AA2K;
A2L,AA2L;
A2M,AA2M;
A2N,AA2N;
A2P,AA2P;
A2Q,AA2Q;
A2R,AA2R;
A2S,AA2S;
A2T,AA2T;
A2V,AA2V;
A2W,AA2W;
A2Y,AA2Y;
N3A,NA3A;
N3C,NA3C;
N3D,NA3D;
N3E,NA3E;
N3F,NA3F;
N3G,NA3G;
N3H,NA3H;
N3I,NA3I;
N3K,NA3K;
N3L,NA3L;
N3M,NA3M;
N3P,NA3P;
N3Q,NA3Q;
N3R,NA3R;
N3S,NA3S;
N3T,NA3T;
N3V,NA3V;
N3W,NA3W;
N3Y,NA3Y;
L4A,LA4A;
L4C,LA4C;
L4D,LA4D;
L4E,LA4E;
L4F,LA4F;
L4G,LA4G;
L4H,LA4H;
L4I,LA4I;
L4K,LA4K;
L4M,LA4M;
L4N,LA4N;
L4P,LA4P;
L4Q,LA4Q;
L4R,LA4R;
L4S,LA4S;
L4T,LA4T;
L4V,LA4V;
L4W,LA4W;
L4Y,LA4Y;
G5A,GA5A;
G5C,GA5C;
G5D,GA5D;
G5E,GA5E;
G5F,GA5F;
G5H,GA5H;
G5I,GA5I;
G5K,GA5K;
G5L,GA5L;
G5M,GA5M;
G5N,GA5N;
G5P,GA5P;
G5Q,GA5Q;
G5R,GA5R;
G5S,GA5S;
G5T,GA5T;
G5V,GA5V;
G5W,GA5W;
G5Y,GA5Y;
C6A,CA6A;
C6D,CA6D;
C6E,CA6E;
C6F,CA6F;
C6G,CA6G;
C6H,CA6H;
C6I,CA6I;
C6K,CA6K;
C6L,CA6L;
C6M,CA6M;
C6N,CA6N;
C6P,CA6P;
C6Q,CA6Q;
C6R,CA6R;
C6S,CA6S;
C6T,CA6T;
C6V,CA6V;
C6W,CA6W;
C6Y,CA6Y;
W7A,WA7A;
W7C,WA7C;
W7D,WA7D;
W7E,WA7E;
W7F,WA7F;
W7G,WA7G;
W7H,WA7H;
W7I,WA7I;
W7K,WA7K;
W7L,WA7L;
W7M,WA7M;
W7N,WA7N;
W7P,WA7P;
W7Q,WA7Q;
W7R,WA7R;
W7S,WA7S;
W7T,WA7T;
W7V,WA7V;
W7Y,WA7Y;
M8A,MA8A;
M8C,MA8C;
M8D,MA8D;
M8E,MA8E;
M8F,MA8F;
M8G,MA8G;
M8H,MA8H;
M8I,MA8I;
M8K,MA8K;
M8L,MA8L;
M8N,MA8N;
M8P,MA8P;
M8Q,MA8Q;
M8R,MA8R;
M8S,MA8S;
M8T,MA8T;
M8V,MA8V;
M8W,MA8W;
M8Y,MA8Y;
L9A,LA9A;
L9C,LA9C;
L9D,LA9D;
L9E,LA9E;
L9F,LA9F;
L9G,LA9G;
L9H,LA9H;
L9I,LA9I;
L9K,LA9K;
L9M,LA9M;
L9N,LA9N;
L9P,LA9P;
L9Q,LA9Q;
L9R,LA9R;
L9S,LA9S;
L9T,LA9T;
L9V,LA9V;
L9W,LA9W;
L9Y,LA9Y;
V10A,VA10A;
V10C,VA10C;
V10D,VA10D;
V10E,VA10E;
V10F,VA10F;
V10G,VA10G;
V10H,VA10H;
V10I,VA10I;
V10K,VA10K;
V10L,VA10L;
V10M,VA10M;
V10N,VA10N;
V10P,VA10P;
V10Q,VA10Q;
V10R,VA10R;
V10S,VA10S;
V10T,VA10T;
V10W,VA10W;
V10Y,VA10Y;
L11A,LA11A;
L11C,LA11C;
L11D,LA11D;
L11E,LA11E;
L11F,LA11F;
L11G,LA11G;
L11H,LA11H;
L11I,LA11I;
L11K,LA11K;
L11M,LA11M;
L11N,LA11N;
L11P,LA11P;
L11Q,LA11Q;
L11R,LA11R;
L11S,LA11S;
L11T,LA11T;
L11V,LA11V;
L11W,LA11W;
L11Y,LA11Y;
F12A,FA12A;
F12C,FA12C;
F12D,FA12D;
F12E,FA12E;
F12G,FA12G;
F12H,FA12H;
F12I,FA12I;
F12K,FA12K;
F12L,FA12L;
F12M,FA12M;
F12N,FA12N;
F12P,FA12P;
F12Q,FA12Q;
F12R,FA12R;
F12S,FA12S;
F12T,FA12T;
F12V,FA12V;
F12W,FA12W;
F12Y,FA12Y;
V13A,VA13A;
V13C,VA13C;
V13D,VA13D;
V13E,VA13E;
V13F,VA13F;
V13G,VA13G;
V13H,VA13H;
V13I,VA13I;
V13K,VA13K;
V13L,VA13L;
V13M,VA13M;
V13N,VA13N;
V13P,VA13P;
V13Q,VA13Q;
V13R,VA13R;
V13S,VA13S;
V13T,VA13T;
V13W,VA13W;
V13Y,VA13Y;
A14C,AA14C;
A14D,AA14D;
A14E,AA14E;
A14F,AA14F;
A14G,AA14G;
A14H,AA14H;
A14I,AA14I;
A14K,AA14K;
A14L,AA14L;
A14M,AA14M;
A14N,AA14N;
A14P,AA14P;
A14Q,AA14Q;
A14R,AA14R;
A14S,AA14S;
A14T,AA14T;
A14V,AA14V;
A14W,AA14W;
A14Y,AA14Y;
T15A,TA15A;
T15C,TA15C;
T15D,TA15D;
T15E,TA15E;
T15F,TA15F;
T15G,TA15G;
T15H,TA15H;
T15I,TA15I;
T15K,TA15K;
T15L,TA15L;
T15M,TA15M;
T15N,TA15N;
T15P,TA15P;
T15Q,TA15Q;
T15R,TA15R;
T15S,TA15S;
T15V,TA15V;
T15W,TA15W;
T15Y,TA15Y;
W16A,WA16A;
W16C,WA16C;
W16D,WA16D;
W16E,WA16E;
W16F,WA16F;
W16G,WA16G;
W16H,WA16H;
W16I,WA16I;
W16K,WA16K;
W16L,WA16L;
W16M,WA16M;
W16N,WA16N;
W16P,WA16P;
W16Q,WA16Q;
W16R,WA16R;
W16S,WA16S;
W16T,WA16T;
W16V,WA16V;
W16Y,WA16Y;
S17A,SA17A;
S17C,SA17C;
S17D,SA17D;
S17E,SA17E;
S17F,SA17F;
S17G,SA17G;
S17H,SA17H;
S17I,SA17I;
S17K,SA17K;
S17L,SA17L;
S17M,SA17M;
S17N,SA17N;
S17P,SA17P;
S17Q,SA17Q;
S17R,SA17R;
S17T,SA17T;
S17V,SA17V;
S17W,SA17W;
S17Y,SA17Y;
D18A,DA18A;
D18C,DA18C;
D18E,DA18E;
D18F,DA18F;
D18G,DA18G;
D18H,DA18H;
D18I,DA18I;
D18K,DA18K;
D18L,DA18L;
D18M,DA18M;
D18N,DA18N;
D18P,DA18P;
D18Q,DA18Q;
D18R,DA18R;
D18S,DA18S;
D18T,DA18T;
D18V,DA18V;
D18W,DA18W;
D18Y,DA18Y;
L19A,LA19A;
L19C,LA19C;
L19D,LA19D;
L19E,LA19E;
L19F,LA19F;
L19G,LA19G;
L19H,LA19H;
L19I,LA19I;
L19K,LA19K;
L19M,LA19M;
L19N,LA19N;
L19P,LA19P;
L19Q,LA19Q;
L19R,LA19R;
L19S,LA19S;
L19T,LA19T;
L19V,LA19V;
L19W,LA19W;
L19Y,LA19Y;
G20A,GA20A;
G20C,GA20C;
G20D,GA20D;
G20E,GA20E;
G20F,GA20F;
G20H,GA20H;
G20I,GA20I;
G20K,GA20K;
G20L,GA20L;
G20M,GA20M;
G20N,GA20N;
G20P,GA20P;
G20Q,GA20Q;
G20R,GA20R;
G20S,GA20S;
G20T,GA20T;
G20V,GA20V;
G20W,GA20W;
G20Y,GA20Y;
L21A,LA21A;
L21C,LA21C;
L21D,LA21D;
L21E,LA21E;
L21F,LA21F;
L21G,LA21G;
L21H,LA21H;
L21I,LA21I;
L21K,LA21K;
L21M,LA21M;
L21N,LA21N;
L21P,LA21P;
L21Q,LA21Q;
L21R,LA21R;
L21S,LA21S;
L21T,LA21T;
L21V,LA21V;
L21W,LA21W;
L21Y,LA21Y;
C22A,CA22A;
C22D,CA22D;
C22E,CA22E;
C22F,CA22F;
C22G,CA22G;
C22H,CA22H;
C22I,CA22I;
C22K,CA22K;
C22L,CA22L;
C22M,CA22M;
C22N,CA22N;
C22P,CA22P;
C22Q,CA22Q;
C22R,CA22R;
C22S,CA22S;
C22T,CA22T;
C22V,CA22V;
C22W,CA22W;
C22Y,CA22Y;
K23A,KA23A;
K23C,KA23C;
K23D,KA23D;
K23E,KA23E;
K23F,KA23F;
K23G,KA23G;
K23H,KA23H;
K23I,KA23I;
K23L,KA23L;
K23M,KA23M;
K23N,KA23N;
K23P,KA23P;
K23Q,KA23Q;
K23R,KA23R;
K23S,KA23S;
K23T,KA23T;
K23V,KA23V;
K23W,KA23W;
K23Y,KA23Y;
K24A,KA24A;
K24C,KA24C;
K24D,KA24D;
K24E,KA24E;
K24F,KA24F;
K24G,KA24G;
K24H,KA24H;
K24I,KA24I;
K24L,KA24L;
K24M,KA24M;
K24N,KA24N;
K24P,KA24P;
K24Q,KA24Q;
K24R,KA24R;
K24S,KA24S;
K24T,KA24T;
K24V,KA24V;
K24W,KA24W;
K24Y,KA24Y;
R25A,RA25A;
R25C,RA25C;
R25D,RA25D;
R25E,RA25E;
R25F,RA25F;
R25G,RA25G;
R25H,RA25H;
R25I,RA25I;
R25K,RA25K;
R25L,RA25L;
R25M,RA25M;
R25N,RA25N;
R25P,RA25P;
R25Q,RA25Q;
R25S,RA25S;
R25T,RA25T;
R25V,RA25V;
R25W,RA25W;
R25Y,RA25Y;
P26A,PA26A;
P26C,PA26C;
P26D,PA26D;
P26E,PA26E;
P26F,PA26F;
P26G,PA26G;
P26H,PA26H;
P26I,PA26I;
P26K,PA26K;
P26L,PA26L;
P26M,PA26M;
P26N,PA26N;
P26Q,PA26Q;
P26R,PA26R;
P26S,PA26S;
P26T,PA26T;
P26V,PA26V;
P26W,PA26W;
P26Y,PA26Y;
K27A,KA27A;
K27C,KA27C;
K27D,KA27D;
K27E,KA27E;
K27F,KA27F;
K27G,KA27G;
K27H,KA27H;
K27I,KA27I;
K27L,KA27L;
K27M,KA27M;
K27N,KA27N;
K27P,KA27P;
K27Q,KA27Q;
K27R,KA27R;
K27S,KA27S;
K27T,KA27T;
K27V,KA27V;
K27W,KA27W;
K27Y,KA27Y;
P28A,PA28A;
P28C,PA28C;
P28D,PA28D;
P28E,PA28E;
P28F,PA28F;
P28G,PA28G;
P28H,PA28H;
P28I,PA28I;
P28K,PA28K;
P28L,PA28L;
P28M,PA28M;
P28N,PA28N;
P28Q,PA28Q;
P28R,PA28R;
P28S,PA28S;
P28T,PA28T;
P28V,PA28V;
P28W,PA28W;
P28Y,PA28Y;
G29A,GA29A;
G29C,GA29C;
G29D,GA29D;
G29E,GA29E;
G29F,GA29F;
G29H,GA29H;
G29I,GA29I;
G29K,GA29K;
G29L,GA29L;
G29M,GA29M;
G29N,GA29N;
G29P,GA29P;
G29Q,GA29Q;
G29R,GA29R;
G29S,GA29S;
G29T,GA29T;
G29V,GA29V;
G29W,GA29W;
G29Y,GA29Y;
G30A,GA30A;
G30C,GA30C;
G30D,GA30D;
G30E,GA30E;
G30F,GA30F;
G30H,GA30H;
G30I,GA30I;
G30K,GA30K;
G30L,GA30L;
G30M,GA30M;
G30N,GA30N;
G30P,GA30P;
G30Q,GA30Q;
G30R,GA30R;
G30S,GA30S;
G30T,GA30T;
G30V,GA30V;
G30W,GA30W;
G30Y,GA30Y;
W31A,WA31A;
W31C,WA31C;
W31D,WA31D;
W31E,WA31E;
W31F,WA31F;
W31G,WA31G;
W31H,WA31H;
W31I,WA31I;
W31K,WA31K;
W31L,WA31L;
W31M,WA31M;
W31N,WA31N;
W31P,WA31P;
W31Q,WA31Q;
W31R,WA31R;
W31S,WA31S;
W31T,WA31T;
W31V,WA31V;
W31Y,WA31Y;
N32A,NA32A;
N32C,NA32C;
N32D,NA32D;
N32E,NA32E;
N32F,NA32F;
N32G,NA32G;
N32H,NA32H;
N32I,NA32I;
N32K,NA32K;
N32L,NA32L;
N32M,NA32M;
N32P,NA32P;
N32Q,NA32Q;
N32R,NA32R;
N32S,NA32S;
N32T,NA32T;
N32V,NA32V;
N32W,NA32W;
N32Y,NA32Y;
T33A,TA33A;
T33C,TA33C;
T33D,TA33D;
T33E,TA33E;
T33F,TA33F;
T33G,TA33G;
T33H,TA33H;
T33I,TA33I;
T33K,TA33K;
T33L,TA33L;
T33M,TA33M;
T33N,TA33N;
T33P,TA33P;
T33Q,TA33Q;
T33R,TA33R;
T33S,TA33S;
T33V,TA33V;
T33W,TA33W;
T33Y,TA33Y;
G34A,GA34A;
G34C,GA34C;
G34D,GA34D;
G34E,GA34E;
G34F,GA34F;
G34H,GA34H;
G34I,GA34I;
G34K,GA34K;
G34L,GA34L;
G34M,GA34M;
G34N,GA34N;
G34P,GA34P;
G34Q,GA34Q;
G34R,GA34R;
G34S,GA34S;
G34T,GA34T;
G34V,GA34V;
G34W,GA34W;
G34Y,GA34Y;
G35A,GA35A;
G35C,GA35C;
G35D,GA35D;
G35E,GA35E;
G35F,GA35F;
G35H,GA35H;
G35I,GA35I;
G35K,GA35K;
G35L,GA35L;
G35M,GA35M;
G35N,GA35N;
G35P,GA35P;
G35Q,GA35Q;
G35R,GA35R;
G35S,GA35S;
G35T,GA35T;
G35V,GA35V;
G35W,GA35W;
G35Y,GA35Y;
S36A,SA36A;
S36C,SA36C;
S36D,SA36D;
S36E,SA36E;
S36F,SA36F;
S36G,SA36G;
S36H,SA36H;
S36I,SA36I;
S36K,SA36K;
S36L,SA36L;
S36M,SA36M;
S36N,SA36N;
S36P,SA36P;
S36Q,SA36Q;
S36R,SA36R;
S36T,SA36T;
S36V,SA36V;
S36W,SA36W;
S36Y,SA36Y;
R37A,RA37A;
R37C,RA37C;
R37D,RA37D;
R37E,RA37E;
R37F,RA37F;
R37G,RA37G;
R37H,RA37H;
R37I,RA37I;
R37K,RA37K;
R37L,RA37L;
R37M,RA37M;
R37N,RA37N;
R37P,RA37P;
R37Q,RA37Q;
R37S,RA37S;
R37T,RA37T;
R37V,RA37V;
R37W,RA37W;
R37Y,RA37Y;
Y38A,YA38A;
Y38C,YA38C;
Y38D,YA38D;
Y38E,YA38E;
Y38F,YA38F;
Y38G,YA38G;
Y38H,YA38H;
Y38I,YA38I;
Y38K,YA38K;
Y38L,YA38L;
Y38M,YA38M;
Y38N,YA38N;
Y38P,YA38P;
Y38Q,YA38Q;
Y38R,YA38R;
Y38S,YA38S;
Y38T,YA38T;
Y38V,YA38V;
Y38W,YA38W;
P39A,PA39A;
P39C,PA39C;
P39D,PA39D;
P39E,PA39E;
P39F,PA39F;
P39G,PA39G;
P39H,PA39H;
P39I,PA39I;
P39K,PA39K;
P39L,PA39L;
P39M,PA39M;
P39N,PA39N;
P39Q,PA39Q;
P39R,PA39R;
P39S,PA39S;
P39T,PA39T;
P39V,PA39V;
P39W,PA39W;
P39Y,PA39Y;
G40A,GA40A;
G40C,GA40C;
G40D,GA40D;
G40E,GA40E;
G40F,GA40F;
G40H,GA40H;
G40I,GA40I;
G40K,GA40K;
G40L,GA40L;
G40M,GA40M;
G40N,GA40N;
G40P,GA40P;
G40Q,GA40Q;
G40R,GA40R;
G40S,GA40S;
G40T,GA40T;
G40V,GA40V;
G40W,GA40W;
G40Y,GA40Y;
Q41A,QA41A;
Q41C,QA41C;
Q41D,QA41D;
Q41E,QA41E;
Q41F,QA41F;
Q41G,QA41G;
Q41H,QA41H;
Q41I,QA41I;
Q41K,QA41K;
Q41L,QA41L;
Q41M,QA41M;
Q41N,QA41N;
Q41P,QA41P;
Q41R,QA41R;
Q41S,QA41S;
Q41T,QA41T;
Q41V,QA41V;
Q41W,QA41W;
Q41Y,QA41Y;
G42A,GA42A;
G42C,GA42C;
G42D,GA42D;
G42E,GA42E;
G42F,GA42F;
G42H,GA42H;
G42I,GA42I;
G42K,GA42K;
G42L,GA42L;
G42M,GA42M;
G42N,GA42N;
G42P,GA42P;
G42Q,GA42Q;
G42R,GA42R;
G42S,GA42S;
G42T,GA42T;
G42V,GA42V;
G42W,GA42W;
G42Y,GA42Y;
S43A,SA43A;
S43C,SA43C;
S43D,SA43D;
S43E,SA43E;
S43F,SA43F;
S43G,SA43G;
S43H,SA43H;
S43I,SA43I;
S43K,SA43K;
S43L,SA43L;
S43M,SA43M;
S43N,SA43N;
S43P,SA43P;
S43Q,SA43Q;
S43R,SA43R;
S43T,SA43T;
S43V,SA43V;
S43W,SA43W;
S43Y,SA43Y;
P44A,PA44A;
P44C,PA44C;
P44D,PA44D;
P44E,PA44E;
P44F,PA44F;
P44G,PA44G;
P44H,PA44H;
P44I,PA44I;
P44K,PA44K;
P44L,PA44L;
P44M,PA44M;
P44N,PA44N;
P44Q,PA44Q;
P44R,PA44R;
P44S,PA44S;
P44T,PA44T;
P44V,PA44V;
P44W,PA44W;
P44Y,PA44Y;
G45A,GA45A;
G45C,GA45C;
G45D,GA45D;
G45E,GA45E;
G45F,GA45F;
G45H,GA45H;
G45I,GA45I;
G45K,GA45K;
G45L,GA45L;
G45M,GA45M;
G45N,GA45N;
G45P,GA45P;
G45Q,GA45Q;
G45R,GA45R;
G45S,GA45S;
G45T,GA45T;
G45V,GA45V;
G45W,GA45W;
G45Y,GA45Y;
G46A,GA46A;
G46C,GA46C;
G46D,GA46D;
G46E,GA46E;
G46F,GA46F;
G46H,GA46H;
G46I,GA46I;
G46K,GA46K;
G46L,GA46L;
G46M,GA46M;
G46N,GA46N;
G46P,GA46P;
G46Q,GA46Q;
G46R,GA46R;
G46S,GA46S;
G46T,GA46T;
G46V,GA46V;
G46W,GA46W;
G46Y,GA46Y;
N47A,NA47A;
N47C,NA47C;
N47D,NA47D;
N47E,NA47E;
N47F,NA47F;
N47G,NA47G;
N47H,NA47H;
N47I,NA47I;
N47K,NA47K;
N47L,NA47L;
N47M,NA47M;
N47P,NA47P;
N47Q,NA47Q;
N47R,NA47R;
N47S,NA47S;
N47T,NA47T;
N47V,NA47V;
N47W,NA47W;
N47Y,NA47Y;
R48A,RA48A;
R48C,RA48C;
R48D,RA48D;
R48E,RA48E;
R48F,RA48F;
R48G,RA48G;
R48H,RA48H;
R48I,RA48I;
R48K,RA48K;
R48L,RA48L;
R48M,RA48M;
R48N,RA48N;
R48P,RA48P;
R48Q,RA48Q;
R48S,RA48S;
R48T,RA48T;
R48V,RA48V;
R48W,RA48W;
R48Y,RA48Y;
Y49A,YA49A;
Y49C,YA49C;
Y49D,YA49D;
Y49E,YA49E;
Y49F,YA49F;
Y49G,YA49G;
Y49H,YA49H;
Y49I,YA49I;
Y49K,YA49K;
Y49L,YA49L;
Y49M,YA49M;
Y49N,YA49N;
Y49P,YA49P;
Y49Q,YA49Q;
Y49R,YA49R;
Y49S,YA49S;
Y49T,YA49T;
Y49V,YA49V;
Y49W,YA49W;
P50A,PA50A;
P50C,PA50C;
P50D,PA50D;
P50E,PA50E;
P50F,PA50F;
P50G,PA50G;
P50H,PA50H;
P50I,PA50I;
P50K,PA50K;
P50L,PA50L;
P50M,PA50M;
P50N,PA50N;
P50Q,PA50Q;
P50R,PA50R;
P50S,PA50S;
P50T,PA50T;
P50V,PA50V;
P50W,PA50W;
P50Y,PA50Y;
P51A,PA51A;
P51C,PA51C;
P51D,PA51D;
P51E,PA51E;
P51F,PA51F;
P51G,PA51G;
P51H,PA51H;
P51I,PA51I;
P51K,PA51K;
P51L,PA51L;
P51M,PA51M;
P51N,PA51N;
P51Q,PA51Q;
P51R,PA51R;
P51S,PA51S;
P51T,PA51T;
P51V,PA51V;
P51W,PA51W;
P51Y,PA51Y;
Q52A,QA52A;
Q52C,QA52C;
Q52D,QA52D;
Q52E,QA52E;
Q52F,QA52F;
Q52G,QA52G;
Q52H,QA52H;
Q52I,QA52I;
Q52K,QA52K;
Q52L,QA52L;
Q52M,QA52M;
Q52N,QA52N;
Q52P,QA52P;
Q52R,QA52R;
Q52S,QA52S;
Q52T,QA52T;
Q52V,QA52V;
Q52W,QA52W;
Q52Y,QA52Y;
G53A,GA53A;
G53C,GA53C;
G53D,GA53D;
G53E,GA53E;
G53F,GA53F;
G53H,GA53H;
G53I,GA53I;
G53K,GA53K;
G53L,GA53L;
G53M,GA53M;
G53N,GA53N;
G53P,GA53P;
G53Q,GA53Q;
G53R,GA53R;
G53S,GA53S;
G53T,GA53T;
G53V,GA53V;
G53W,GA53W;
G53Y,GA53Y;
G54A,GA62A;
G54C,GA62C;
G54D,GA62D;
G54E,GA62E;
G54F,GA62F;
G54H,GA62H;
G54I,GA62I;
G54K,GA62K;
G54L,GA62L;
G54M,GA62M;
G54N,GA62N;
G54P,GA62P;
G54Q,GA62Q;
G54R,GA62R;
G54S,GA62S;
G54T,GA62T;
G54V,GA62V;
G54W,GA62W;
G54Y,GA62Y;
G55A,GA63A;
G55C,GA63C;
G55D,GA63D;
G55E,GA63E;
G55F,GA63F;
G55H,GA63H;
G55I,GA63I;
G55K,GA63K;
G55L,GA63L;
G55M,GA63M;
G55N,GA63N;
G55P,GA63P;
G55Q,GA63Q;
G55R,GA63R;
G55S,GA63S;
G55T,GA63T;
G55V,GA63V;
G55W,GA63W;
G55Y,GA63Y;
G56A,GA64A;
G56C,GA64C;
G56D,GA64D;
G56E,GA64E;
G56F,GA64F;
G56H,GA64H;
G56I,GA64I;
G56K,GA64K;
G56L,GA64L;
G56M,GA64M;
G56N,GA64N;
G56P,GA64P;
G56Q,GA64Q;
G56R,GA64R;
G56S,GA64S;
G56T,GA64T;
G56V,GA64V;
G56W,GA64W;
G56Y,GA64Y;
W57A,WA65A;
W57C,WA65C;
W57D,WA65D;
W57E,WA65E;
W57F,WA65F;
W57G,WA65G;
W57H,WA65H;
W57I,WA65I;
W57K,WA65K;
W57L,WA65L;
W57M,WA65M;
W57N,WA65N;
W57P,WA65P;
W57Q,WA65Q;
W57R,WA65R;
W57S,WA65S;
W57T,WA65T;
W57V,WA65V;
W57Y,WA65Y;
G58A,GA66A;
G58C,GA66C;
G58D,GA66D;
G58E,GA66E;
G58F,GA66F;
G58H,GA66H;
G58I,GA66I;
G58K,GA66K;
G58L,GA66L;
G58M,GA66M;
G58N,GA66N;
G58P,GA66P;
G58Q,GA66Q;
G58R,GA66R;
G58S,GA66S;
G58T,GA66T;
G58V,GA66V;
G58W,GA66W;
G58Y,GA66Y;
Q59A,QA67A;
Q59C,QA67C;
Q59D,QA67D;
Q59E,QA67E;
Q59F,QA67F;
Q59G,QA67G;
Q59H,QA67H;
Q59I,QA67I;
Q59K,QA67K;
Q59L,QA67L;
Q59M,QA67M;
Q59N,QA67N;
Q59P,QA67P;
Q59R,QA67R;
Q59S,QA67S;
Q59T,QA67T;
Q59V,QA67V;
Q59W,QA67W;
Q59Y,QA67Y;
P60A,PA68A;
P60C,PA68C;
P60D,PA68D;
P60E,PA68E;
P60F,PA68F;
P60G,PA68G;
P60H,PA68H;
P60I,PA68I;
P60K,PA68K;
P60L,PA68L;
P60M,PA68M;
P60N,PA68N;
P60Q,PA68Q;
P60R,PA68R;
P60S,PA68S;
P60T,PA68T;
P60V,PA68V;
P60W,PA68W;
P60Y,PA68Y;
H61A,HA69A;
H61C,HA69C;
H61D,HA69D;
H61E,HA69E;
H61F,HA69F;
H61G,HA69G;
H61I,HA69I;
H61K,HA69K;
H61L,HA69L;
H61M,HA69M;
H61N,HA69N;
H61P,HA69P;
H61Q,HA69Q;
H61R,HA69R;
H61S,HA69S;
H61T,HA69T;
H61V,HA69V;
H61W,HA69W;
H61Y,HA69Y;
G62A,GA70A;
G62C,GA70C;
G62D,GA70D;
G62E,GA70E;
G62F,GA70F;
G62H,GA70H;
G62I,GA70I;
G62K,GA70K;
G62L,GA70L;
G62M,GA70M;
G62N,GA70N;
G62P,GA70P;
G62Q,GA70Q;
G62R,GA70R;
G62S,GA70S;
G62T,GA70T;
G62V,GA70V;
G62W,GA70W;
G62Y,GA70Y;
G63A,GA71A;
G63C,GA71C;
G63D,GA71D;
G63E,GA71E;
G63F,GA71F;
G63H,GA71H;
G63I,GA71I;
G63K,GA71K;
G63L,GA71L;
G63M,GA71M;
G63N,GA71N;
G63P,GA71P;
G63Q,GA71Q;
G63R,GA71R;
G63S,GA71S;
G63T,GA71T;
G63V,GA71V;
G63W,GA71W;
G63Y,GA71Y;
G64A,GA72A;
G64C,GA72C;
G64D,GA72D;
G64E,GA72E;
G64F,GA72F;
G64H,GA72H;
G64I,GA72I;
G64K,GA72K;
G64L,GA72L;
G64M,GA72M;
G64N,GA72N;
G64P,GA72P;
G64Q,GA72Q;
G64R,GA72R;
G64S,GA72S;
G64T,GA72T;
G64V,GA72V;
G64W,GA72W;
G64Y,GA72Y;
W65A,WA73A;
W65C,WA73C;
W65D,WA73D;
W65E,WA73E;
W65F,WA73F;
W65G,WA73G;
W65H,WA73H;
W65I,WA73I;
W65K,WA73K;
W65L,WA73L;
W65M,WA73M;
W65N,WA73N;
W65P,WA73P;
W65Q,WA73Q;
W65R,WA73R;
W65S,WA73S;
W65T,WA73T;
W65V,WA73V;
W65Y,WA73Y;
G66A,GA74A;
G66C,GA74C;
G66D,GA74D;
G66E,GA74E;
G66F,GA74F;
G66H,GA74H;
G66I,GA74I;
G66K,GA74K;
G66L,GA74L;
G66M,GA74M;
G66N,GA74N;
G66P,GA74P;
G66Q,GA74Q;
G66R,GA74R;
G66S,GA74S;
G66T,GA74T;
G66V,GA74V;
G66W,GA74W;
G66Y,GA74Y;
Q67A,QA75A;
Q67C,QA75C;
Q67D,QA75D;
Q67E,QA75E;
Q67F,QA75F;
Q67G,QA75G;
Q67H,QA75H;
Q67I,QA75I;
Q67K,QA75K;
Q67L,QA75L;
Q67M,QA75M;
Q67N,QA75N;
Q67P,QA75P;
Q67R,QA75R;
Q67S,QA75S;
Q67T,QA75T;
Q67V,QA75V;
Q67W,QA75W;
Q67Y,QA75Y;
P68A,PA76A;
P68C,PA76C;
P68D,PA76D;
P68E,PA76E;
P68F,PA76F;
P68G,PA76G;
P68H,PA76H;
P68I,PA76I;
P68K,PA76K;
P68L,PA76L;
P68M,PA76M;
P68N,PA76N;
P68Q,PA76Q;
P68R,PA76R;
P68S,PA76S;
P68T,PA76T;
P68V,PA76V;
P68W,PA76W;
P68Y,PA76Y;
H69A,HA77A;
H69C,HA77C;
H69D,HA77D;
H69E,HA77E;
H69F,HA77F;
H69G,HA77G;
H69I,HA77I;
H69K,HA77K;
H69L,HA77L;
H69M,HA77M;
H69N,HA77N;
H69P,HA77P;
H69Q,HA77Q;
H69R,HA77R;
H69S,HA77S;
H69T,HA77T;
H69V,HA77V;
H69W,HA77W;
H69Y,HA77Y;
G70A,GA78A;
G70C,GA78C;
G70D,GA78D;
G70E,GA78E;
G70F,GA78F;
G70H,GA78H;
G70I,GA78I;
G70K,GA78K;
G70L,GA78L;
G70M,GA78M;
G70N,GA78N;
G70P,GA78P;
G70Q,GA78Q;
G70R,GA78R;
G70S,GA78S;
G70T,GA78T;
G70V,GA78V;
G70W,GA78W;
G70Y,GA78Y;
G71A,GA79A;
G71C,GA79C;
G71D,GA79D;
G71E,GA79E;
G71F,GA79F;
G71H,GA79H;
G71I,GA79I;
G71K,GA79K;
G71L,GA79L;
G71M,GA79M;
G71N,GA79N;
G71P,GA79P;
G71Q,GA79Q;
G71R,GA79R;
G71S,GA79S;
G71T,GA79T;
G71V,GA79V;
G71W,GA79W;
G71Y,GA79Y;
G72A,GA80A;
G72C,GA80C;
G72D,GA80D;
G72E,GA80E;
G72F,GA80F;
G72H,GA80H;
G72I,GA80I;
G72K,GA80K;
G72L,GA80L;
G72M,GA80M;
G72N,GA80N;
G72P,GA80P;
G72Q,GA80Q;
G72R,GA80R;
G72S,GA80S;
G72T,GA80T;
G72V,GA80V;
G72W,GA80W;
G72Y,GA80Y;
W73A,WA81A;
W73C,WA81C;
W73D,WA81D;
W73E,WA81E;
W73F,WA81F;
W73G,WA81G;
W73H,WA81H;
W73I,WA81I;
W73K,WA81K;
W73L,WA81L;
W73M,WA81M;
W73N,WA81N;
W73P,WA81P;
W73Q,WA81Q;
W73R,WA81R;
W73S,WA81S;
W73T,WA81T;
W73V,WA81V;
W73Y,WA81Y;
G74A,GA82A;
G74C,GA82C;
G74D,GA82D;
G74E,GA82E;
G74F,GA82F;
G74H,GA82H;
G74I,GA82I;
G74K,GA82K;
G74L,GA82L;
G74M,GA82M;
G74N,GA82N;
G74P,GA82P;
G74Q,GA82Q;
G74R,GA82R;
G74S,GA82S;
G74T,GA82T;
G74V,GA82V;
G74W,GA82W;
G74Y,GA82Y;
Q75A,QA83A;
Q75C,QA83C;
Q75D,QA83D;
Q75E,QA83E;
Q75F,QA83F;
Q75G,QA83G;
Q75H,QA83H;
Q75I,QA83I;
Q75K,QA83K;
Q75L,QA83L;
Q75M,QA83M;
Q75N,QA83N;
Q75P,QA83P;
Q75R,QA83R;
Q75S,QA83S;
Q75T,QA83T;
Q75V,QA83V;
Q75W,QA83W;
Q75Y,QA83Y;
P76A,PA84A;
P76C,PA84C;
P76D,PA84D;
P76E,PA84E;
P76F,PA84F;
P76G,PA84G;
P76H,PA84H;
P76I,PA84I;
P76K,PA84K;
P76L,PA84L;
P76M,PA84M;
P76N,PA84N;
P76Q,PA84Q;
P76R,PA84R;
P76S,PA84S;
P76T,PA84T;
P76V,PA84V;
P76W,PA84W;
P76Y,PA84Y;
H77A,HA85A;
H77C,HA85C;
H77D,HA85D;
H77E,HA85E;
H77F,HA85F;
H77G,HA85G;
H77I,HA85I;
H77K,HA85K;
H77L,HA85L;
H77M,HA85M;
H77N,HA85N;
H77P,HA85P;
H77Q,HA85Q;
H77R,HA85R;
H77S,HA85S;
H77T,HA85T;
H77V,HA85V;
H77W,HA85W;
H77Y,HA85Y;
G78A,GA86A;
G78C,GA86C;
G78D,GA86D;
G78E,GA86E;
G78F,GA86F;
G78H,GA86H;
G78I,GA86I;
G78K,GA86K;
G78L,GA86L;
G78M,GA86M;
G78N,GA86N;
G78P,GA86P;
G78Q,GA86Q;
G78R,GA86R;
G78S,GA86S;
G78T,GA86T;
G78V,GA86V;
G78W,GA86W;
G78Y,GA86Y;
G79A,GA87A;
G79C,GA87C;
G79D,GA87D;
G79E,GA87E;
G79F,GA87F;
G79H,GA87H;
G79I,GA87I;
G79K,GA87K;
G79L,GA87L;
G79M,GA87M;
G79N,GA87N;
G79P,GA87P;
G79Q,GA87Q;
G79R,GA87R;
G79S,GA87S;
G79T,GA87T;
G79V,GA87V;
G79W,GA87W;
G79Y,GA87Y;
G80A,GA88A;
G80C,GA88C;
G80D,GA88D;
G80E,GA88E;
G80F,GA88F;
G80H,GA88H;
G80I,GA88I;
G80K,GA88K;
G80L,GA88L;
G80M,GA88M;
G80N,GA88N;
G80P,GA88P;
G80Q,GA88Q;
G80R,GA88R;
G80S,GA88S;
G80T,GA88T;
G80V,GA88V;
G80W,GA88W;
G80Y,GA88Y;
W81A,WA89A;
W81C,WA89C;
W81D,WA89D;
W81E,WA89E;
W81F,WA89F;
W81G,WA89G;
W81H,WA89H;
W81I,WA89I;
W81K,WA89K;
W81L,WA89L;
W81M,WA89M;
W81N,WA89N;
W81P,WA89P;
W81Q,WA89Q;
W81R,WA89R;
W81S,WA89S;
W81T,WA89T;
W81V,WA89V;
W81Y,WA89Y;
G82A,GA90A;
G82C,GA90C;
G82D,GA90D;
G82E,GA90E;
G82F,GA90F;
G82H,GA90H;
G82I,GA90I;
G82K,GA90K;
G82L,GA90L;
G82M,GA90M;
G82N,GA90N;
G82P,GA90P;
G82Q,GA90Q;
G82R,GA90R;
G82S,GA90S;
G82T,GA90T;
G82V,GA90V;
G82W,GA90W;
G82Y,GA90Y;
Q83A,QA91A;
Q83C,QA91C;
Q83D,QA91D;
Q83E,QA91E;
Q83F,QA91F;
Q83G,QA91G;
Q83H,QA91H;
Q83I,QA91I;
Q83K,QA91K;
Q83L,QA91L;
Q83M,QA91M;
Q83N,QA91N;
Q83P,QA91P;
Q83R,QA91R;
Q83S,QA91S;
Q83T,QA91T;
Q83V,QA91V;
Q83W,QA91W;
Q83Y,QA91Y;
G84A,GA92A;
G84C,GA92C;
G84D,GA92D;
G84E,GA92E;
G84F,GA92F;
G84H,GA92H;
G84I,GA92I;
G84K,GA92K;
G84L,GA92L;
G84M,GA92M;
G84N,GA92N;
G84P,GA92P;
G84Q,GA92Q;
G84R,GA92R;
G84S,GA92S;
G84T,GA92T;
G84V,GA92V;
G84W,GA92W;
G84Y,GA92Y;
G85A,GA93A;
G85C,GA93C;
G85D,GA93D;
G85E,GA93E;
G85F,GA93F;
G85H,GA93H;
G85I,GA93I;
G85K,GA93K;
G85L,GA93L;
G85M,GA93M;
G85N,GA93N;
G85P,GA93P;
G85Q,GA93Q;
G85R,GA93R;
G85S,GA93S;
G85T,GA93T;
G85V,GA93V;
G85W,GA93W;
G85Y,GA93Y;
G86A,GA94A;
G86C,GA94C;
G86D,GA94D;
G86E,GA94E;
G86F,GA94F;
G86H,GA94H;
G86I,GA94I;
G86K,GA94K;
G86L,GA94L;
G86M,GA94M;
G86N,GA94N;
G86P,GA94P;
G86Q,GA94Q;
G86R,GA94R;
G86S,GA94S;
G86T,GA94T;
G86V,GA94V;
G86W,GA94W;
G86Y,GA94Y;
T87A,TA95A;
T87C,TA95C;
T87D,TA95D;
T87E,TA95E;
T87F,TA95F;
T87G,TA95G;
T87H,TA95H;
T87I,TA95I;
T87K,TA95K;
T87L,TA95L;
T87M,TA95M;
T87N,TA95N;
T87P,TA95P;
T87Q,TA95Q;
T87R,TA95R;
T87S,TA95S;
T87V,TA95V;
T87W,TA95W;
T87Y,TA95Y;
H88A,HA96A;
H88C,HA96C;
H88D,HA96D;
H88E,HA96E;
H88F,HA96F;
H88G,HA96G;
H88I,HA96I;
H88K,HA96K;
H88L,HA96L;
H88M,HA96M;
H88N,HA96N;
H88P,HA96P;
H88Q,HA96Q;
H88R,HA96R;
H88S,HA96S;
H88T,HA96T;
H88V,HA96V;
H88W,HA96W;
H88Y,HA96Y;
S89A,SA97A;
S89C,SA97C;
S89D,SA97D;
S89E,SA97E;
S89F,SA97F;
S89G,SA97G;
S89H,SA97H;
S89I,SA97I;
S89K,SA97K;
S89L,SA97L;
S89M,SA97M;
S89N,SA97N;
S89P,SA97P;
S89Q,SA97Q;
S89R,SA97R;
S89T,SA97T;
S89V,SA97V;
S89W,SA97W;
S89Y,SA97Y;
Q90A,QA98A;
Q90C,QA98C;
Q90D,QA98D;
Q90E,QA98E;
Q90F,QA98F;
Q90G,QA98G;
Q90H,QA98H;
Q90I,QA98I;
Q90K,QA98K;
Q90L,QA98L;
Q90M,QA98M;
Q90N,QA98N;
Q90P,QA98P;
Q90R,QA98R;
Q90S,QA98S;
Q90T,QA98T;
Q90V,QA98V;
Q90W,QA98W;
Q90Y,QA98Y;
W91A,WA99A;
W91C,WA99C;
W91D,WA99D;
W91E,WA99E;
W91F,WA99F;
W91G,WA99G;
W91H,WA99H;
W91I,WA99I;
W91K,WA99K;
W91L,WA99L;
W91M,WA99M;
W91N,WA99N;
W91P,WA99P;
W91Q,WA99Q;
W91R,WA99R;
W91S,WA99S;
W91T,WA99T;
W91V,WA99V;
W91Y,WA99Y;
N92A,NA100A;
N92C,NA100C;
N92D,NA100D;
N92E,NA100E;
N92F,NA100F;
N92G,NA100G;
N92H,NA100H;
N92I,NA100I;
N92K,NA100K;
N92L,NA100L;
N92M,NA100M;
N92P,NA100P;
N92Q,NA100Q;
N92R,NA100R;
N92S,NA100S;
N92T,NA100T;
N92V,NA100V;
N92W,NA100W;
N92Y,NA100Y;
K93A,KA101A;
K93C,KA101C;
K93D,KA101D;
K93E,KA101E;
K93F,KA101F;
K93G,KA101G;
K93H,KA101H;
K93I,KA101I;
K93L,KA101L;
K93M,KA101M;
K93N,KA101N;
K93P,KA101P;
K93Q,KA101Q;
K93R,KA101R;
K93S,KA101S;
K93T,KA101T;
K93V,KA101V;
K93W,KA101W;
K93Y,KA101Y;
P94A,PA102A;
P94C,PA102C;
P94D,PA102D;
P94E,PA102E;
P94F,PA102F;
P94G,PA102G;
P94H,PA102H;
P94I,PA102I;
P94K,PA102K;
P94L,PA102L;
P94M,PA102M;
P94N,PA102N;
P94Q,PA102Q;
P94R,PA102R;
P94S,PA102S;
P94T,PA102T;
P94V,PA102V;
P94W,PA102W;
P94Y,PA102Y;
S95A,SA103A;
S95C,SA103C;
S95D,SA103D;
S95E,SA103E;
S95F,SA103F;
S95G,SA103G;
S95H,SA103H;
S95I,SA103I;
S95K,SA103K;
S95L,SA103L;
S95M,SA103M;
S95N,SA103N;
S95P,SA103P;
S95Q,SA103Q;
S95R,SA103R;
S95T,SA103T;
S95V,SA103V;
S95W,SA103W;
S95Y,SA103Y;
K96A,KA104A;
K96C,KA104C;
K96D,KA104D;
K96E,KA104E;
K96F,KA104F;
K96G,KA104G;
K96H,KA104H;
K96I,KA104I;
K96L,KA104L;
K96M,KA104M;
K96N,KA104N;
K96P,KA104P;
K96Q,KA104Q;
K96R,KA104R;
K96S,KA104S;
K96T,KA104T;
K96V,KA104V;
K96W,KA104W;
K96Y,KA104Y;
P97A,PA105A;
P97C,PA105C;
P97D,PA105D;
P97E,PA105E;
P97F,PA105F;
P97G,PA105G;
P97H,PA105H;
P97I,PA105I;
P97K,PA105K;
P97L,PA105L;
P97M,PA105M;
P97N,PA105N;
P97Q,PA105Q;
P97R,PA105R;
P97S,PA105S;
P97T,PA105T;
P97V,PA105V;
P97W,PA105W;
P97Y,PA105Y;
K98A,KA106A;
K98C,KA106C;
K98D,KA106D;
K98E,KA106E;
K98F,KA106F;
K98G,KA106G;
K98H,KA106H;
K98I,KA106I;
K98L,KA106L;
K98M,KA106M;
K98N,KA106N;
K98P,KA106P;
K98Q,KA106Q;
K98R,KA106R;
K98S,KA106S;
K98T,KA106T;
K98V,KA106V;
K98W,KA106W;
K98Y,KA106Y;
T99A,TA107A;
T99C,TA107C;
T99D,TA107D;
T99E,TA107E;
T99F,TA107F;
T99G,TA107G;
T99H,TA107H;
T99I,TA107I;
T99K,TA107K;
T99L,TA107L;
T99M,TA107M;
T99N,TA107N;
T99P,TA107P;
T99Q,TA107Q;
T99R,TA107R;
T99S,TA107S;
T99V,TA107V;
T99W,TA107W;
T99Y,TA107Y;
N100A,NA108A;
N100C,NA108C;
N100D,NA108D;
N100E,NA108E;
N100F,NA108F;
N100G,NA108G;
N100H,NA108H;
N100I,NA108I;
N100K,NA108K;
N100L,NA108L;
N100M,NA108M;
N100P,NA108P;
N100Q,NA108Q;
N100R,NA108R;
N100S,NA108S;
N100T,NA108T;
N100V,NA108V;
N100W,NA108W;
N100Y,NA108Y;
M101A,MA109A;
M101C,MA109C;
M101D,MA109D;
M101E,MA109E;
M101F,MA109F;
M101G,MA109G;
M101H,MA109H;
M101I,MA109I;
M101K,MA109K;
M101L,MA109L;
M101N,MA109N;
M101P,MA109P;
M101Q,MA109Q;
M101R,MA109R;
M101S,MA109S;
M101T,MA109T;
M101V,MA109V;
M101W,MA109W;
M101Y,MA109Y;
K102A,KA110A;
K102C,KA110C;
K102D,KA110D;
K102E,KA110E;
K102F,KA110F;
K102G,KA110G;
K102H,KA110H;
K102I,KA110I;
K102L,KA110L;
K102M,KA110M;
K102N,KA110N;
K102P,KA110P;
K102Q,KA110Q;
K102R,KA110R;
K102S,KA110S;
K102T,KA110T;
K102V,KA110V;
K102W,KA110W;
K102Y,KA110Y;
H103A,HA111A;
H103C,HA111C;
H103D,HA111D;
H103E,HA111E;
H103F,HA111F;
H103G,HA111G;
H103I,HA111I;
H103K,HA111K;
H103L,HA111L;
H103M,HA111M;
H103N,HA111N;
H103P,HA111P;
H103Q,HA111Q;
H103R,HA111R;
H103S,HA111S;
H103T,HA111T;
H103V,HA111V;
H103W,HA111W;
H103Y,HA111Y;
M104A,MA112A;
M104C,MA112C;
M104D,MA112D;
M104E,MA112E;
M104F,MA112F;
M104G,MA112G;
M104H,MA112H;
M104I,MA112I;
M104K,MA112K;
M104L,MA112L;
M104N,MA112N;
M104P,MA112P;
M104Q,MA112Q;
M104R,MA112R;
M104S,MA112S;
M104T,MA112T;
M104V,MA112V;
M104W,MA112W;
M104Y,MA112Y;
A105C,AA113C;
A105D,AA113D;
A105E,AA113E;
A105F,AA113F;
A105G,AA113G;
A105H,AA113H;
A105I,AA113I;
A105K,AA113K;
A105L,AA113L;
A105M,AA113M;
A105N,AA113N;
A105P,AA113P;
A105Q,AA113Q;
A105R,AA113R;
A105S,AA113S;
A105T,AA113T;
A105V,AA113V;
A105W,AA113W;
A105Y,AA113Y;
G106A,GA114A;
G106C,GA114C;
G106D,GA114D;
G106E,GA114E;
G106F,GA114F;
G106H,GA114H;
G106I,GA114I;
G106K,GA114K;
G106L,GA114L;
G106M,GA114M;
G106N,GA114N;
G106P,GA114P;
G106Q,GA114Q;
G106R,GA114R;
G106S,GA114S;
G106T,GA114T;
G106V,GA114V;
G106W,GA114W;
G106Y,GA114Y;
A107C,AA115C;
A107D,AA115D;
A107E,AA115E;
A107F,AA115F;
A107G,AA115G;
A107H,AA115H;
A107I,AA115I;
A107K,AA115K;
A107L,AA115L;
A107M,AA115M;
A107N,AA115N;
A107P,AA115P;
A107Q,AA115Q;
A107R,AA115R;
A107S,AA115S;
A107T,AA115T;
A107V,AA115V;
A107W,AA115W;
A107Y,AA115Y;
A108C,AA116C;
A108D,AA116D;
A108E,AA116E;
A108F,AA116F;
A108G,AA116G;
A108H,AA116H;
A108I,AA116I;
A108K,AA116K;
A108L,AA116L;
A108M,AA116M;
A108N,AA116N;
A108P,AA116P;
A108Q,AA116Q;
A108R,AA116R;
A108S,AA116S;
A108T,AA116T;
A108V,AA116V;
A108W,AA116W;
A108Y,AA116Y;
A109C,AA117C;
A109D,AA117D;
A109E,AA117E;
A109F,AA117F;
A109G,AA117G;
A109H,AA117H;
A109I,AA117I;
A109K,AA117K;
A109L,AA117L;
A109M,AA117M;
A109N,AA117N;
A109P,AA117P;
A109Q,AA117Q;
A109R,AA117R;
A109S,AA117S;
A109T,AA117T;
A109V,AA117V;
A109W,AA117W;
A109Y,AA117Y;
A110C,AA118C;
A110D,AA118D;
A110E,AA118E;
A110F,AA118F;
A110G,AA118G;
A110H,AA118H;
A110I,AA118I;
A110K,AA118K;
A110L,AA118L;
A110M,AA118M;
A110N,AA118N;
A110P,AA118P;
A110Q,AA118Q;
A110R,AA118R;
A110S,AA118S;
A110T,AA118T;
A110V,AA118V;
A110W,AA118W;
A110Y,AA118Y;
G111A,GA119A;
G111C,GA119C;
G111D,GA119D;
G111E,GA119E;
G111F,GA119F;
G111H,GA119H;
G111I,GA119I;
G111K,GA119K;
G111L,GA119L;
G111M,GA119M;
G111N,GA119N;
G111P,GA119P;
G111Q,GA119Q;
G111R,GA119R;
G111S,GA119S;
G111T,GA119T;
G111V,GA119V;
G111W,GA119W;
G111Y,GA119Y;
A112C,AA120C;
A112D,AA120D;
A112E,AA120E;
A112F,AA120F;
A112G,AA120G;
A112H,AA120H;
A112I,AA120I;
A112K,AA120K;
A112L,AA120L;
A112M,AA120M;
A112N,AA120N;
A112P,AA120P;
A112Q,AA120Q;
A112R,AA120R;
A112S,AA120S;
A112T,AA120T;
A112V,AA120V;
A112W,AA120W;
A112Y,AA120Y;
V113A,VA121A;
V113C,VA121C;
V113D,VA121D;
V113E,VA121E;
V113F,VA121F;
V113G,VA121G;
V113H,VA121H;
V113I,VA121I;
V113K,VA121K;
V113L,VA121L;
V113M,VA121M;
V113N,VA121N;
V113P,VA121P;
V113Q,VA121Q;
V113R,VA121R;
V113S,VA121S;
V113T,VA121T;
V113W,VA121W;
V113Y,VA121Y;
V114A,VA122A;
V114C,VA122C;
V114D,VA122D;
V114E,VA122E;
V114F,VA122F;
V114G,VA122G;
V114H,VA122H;
V114I,VA122I;
V114K,VA122K;
V114L,VA122L;
V114M,VA122M;
V114N,VA122N;
V114P,VA122P;
V114Q,VA122Q;
V114R,VA122R;
V114S,VA122S;
V114T,VA122T;
V114W,VA122W;
V114Y,VA122Y;
G115A,GA123A;
G115C,GA123C;
G115D,GA123D;
G115E,GA123E;
G115F,GA123F;
G115H,GA123H;
G115I,GA123I;
G115K,GA123K;
G115L,GA123L;
G115M,GA123M;
G115N,GA123N;
G115P,GA123P;
G115Q,GA123Q;
G115R,GA123R;
G115S,GA123S;
G115T,GA123T;
G115V,GA123V;
G115W,GA123W;
G115Y,GA123Y;
G116A,GA124A;
G116C,GA124C;
G116D,GA124D;
G116E,GA124E;
G116F,GA124F;
G116H,GA124H;
G116I,GA124I;
G116K,GA124K;
G116L,GA124L;
G116M,GA124M;
G116N,GA124N;
G116P,GA124P;
G116Q,GA124Q;
G116R,GA124R;
G116S,GA124S;
G116T,GA124T;
G116V,GA124V;
G116W,GA124W;
G116Y,GA124Y;
L117A,LA125A;
L117C,LA125C;
L117D,LA125D;
L117E,LA125E;
L117F,LA125F;
L117G,LA125G;
L117H,LA125H;
L117I,LA125I;
L117K,LA125K;
L117M,LA125M;
L117N,LA125N;
L117P,LA125P;
L117Q,LA125Q;
L117R,LA125R;
L117S,LA125S;
L117T,LA125T;
L117V,LA125V;
L117W,LA125W;
L117Y,LA125Y;
G118A,GA126A;
G118C,GA126C;
G118D,GA126D;
G118E,GA126E;
G118F,GA126F;
G118H,GA126H;
G118I,GA126I;
G118K,GA126K;
G118L,GA126L;
G118M,GA126M;
G118N,GA126N;
G118P,GA126P;
G118Q,GA126Q;
G118R,GA126R;
G118S,GA126S;
G118T,GA126T;
G118V,GA126V;
G118W,GA126W;
G118Y,GA126Y;
G119A,GA127A;
G119C,GA127C;
G119D,GA127D;
G119E,GA127E;
G119F,GA127F;
G119H,GA127H;
G119I,GA127I;
G119K,GA127K;
G119L,GA127L;
G119M,GA127M;
G119N,GA127N;
G119P,GA127P;
G119Q,GA127Q;
G119R,GA127R;
G119S,GA127S;
G119T,GA127T;
G119V,GA127V;
G119W,GA127W;
G119Y,GA127Y;
Y120A,YA128A;
Y120C,YA128C;
Y120D,YA128D;
Y120E,YA128E;
Y120F,YA128F;
Y120G,YA128G;
Y120H,YA128H;
Y120I,YA128I;
Y120K,YA128K;
Y120L,YA128L;
Y120M,YA128M;
Y120N,YA128N;
Y120P,YA128P;
Y120Q,YA128Q;
Y120R,YA128R;
Y120S,YA128S;
Y120T,YA128T;
Y120V,YA128V;
Y120W,YA128W;
V121A,VA129A;
V121C,VA129C;
V121D,VA129D;
V121E,VA129E;
V121F,VA129F;
V121G,VA129G;
V121H,VA129H;
V121I,VA129I;
V121K,VA129K;
V121L,VA129L;
V121M,VA129M;
V121N,VA129N;
V121P,VA129P;
V121Q,VA129Q;
V121R,VA129R;
V121S,VA129S;
V121T,VA129T;
V121W,VA129W;
V121Y,VA129Y;
L122A,LA130A;
L122C,LA130C;
L122D,LA130D;
L122E,LA130E;
L122F,LA130F;
L122G,LA130G;
L122H,LA130H;
L122I,LA130I;
L122K,LA130K;
L122M,LA130M;
L122N,LA130N;
L122P,LA130P;
L122Q,LA130Q;
L122R,LA130R;
L122S,LA130S;
L122T,LA130T;
L122V,LA130V;
L122W,LA130W;
L122Y,LA130Y;
G123A,GA131A;
G123C,GA131C;
G123D,GA131D;
G123E,GA131E;
G123F,GA131F;
G123H,GA131H;
G123I,GA131I;
G123K,GA131K;
G123L,GA131L;
G123M,GA131M;
G123N,GA131N;
G123P,GA131P;
G123Q,GA131Q;
G123R,GA131R;
G123S,GA131S;
G123T,GA131T;
G123V,GA131V;
G123W,GA131W;
G123Y,GA131Y;
S124A,SA132A;
S124C,SA132C;
S124D,SA132D;
S124E,SA132E;
S124F,SA132F;
S124G,SA132G;
S124H,SA132H;
S124I,SA132I;
S124K,SA132K;
S124L,SA132L;
S124M,SA132M;
S124N,SA132N;
S124P,SA132P;
S124Q,SA132Q;
S124R,SA132R;
S124T,SA132T;
S124V,SA132V;
S124W,SA132W;
S124Y,SA132Y;
A125C,AA133C;
A125D,AA133D;
A125E,AA133E;
A125F,AA133F;
A125G,AA133G;
A125H,AA133H;
A125I,AA133I;
A125K,AA133K;
A125L,AA133L;
A125M,AA133M;
A125N,AA133N;
A125P,AA133P;
A125Q,AA133Q;
A125R,AA133R;
A125S,AA133S;
A125T,AA133T;
A125V,AA133V;
A125W,AA133W;
A125Y,AA133Y;
M126A,MA134A;
M126C,MA134C;
M126D,MA134D;
M126E,MA134E;
M126F,MA134F;
M126G,MA134G;
M126H,MA134H;
M126I,MA134I;
M126K,MA134K;
M126L,MA134L;
M126N,MA134N;
M126P,MA134P;
M126Q,MA134Q;
M126R,MA134R;
M126S,MA134S;
M126T,MA134T;
M126V,MA134V;
M126W,MA134W;
M126Y,MA134Y;
S127A,SA135A;
S127C,SA135C;
S127D,SA135D;
S127E,SA135E;
S127F,SA135F;
S127G,SA135G;
S127H,SA135H;
S127I,SA135I;
S127K,SA135K;
S127L,SA135L;
S127M,SA135M;
S127N,SA135N;
S127P,SA135P;
S127Q,SA135Q;
S127R,SA135R;
S127T,SA135T;
S127V,SA135V;
S127W,SA135W;
S127Y,SA135Y;
R128A,RA136A;
R128C,RA136C;
R128D,RA136D;
R128E,RA136E;
R128F,RA136F;
R128G,RA136G;
R128H,RA136H;
R128I,RA136I;
R128K,RA136K;
R128L,RA136L;
R128M,RA136M;
R128N,RA136N;
R128P,RA136P;
R128Q,RA136Q;
R128S,RA136S;
R128T,RA136T;
R128V,RA136V;
R128W,RA136W;
R128Y,RA136Y;
P129A,PA137A;
P129C,PA137C;
P129D,PA137D;
P129E,PA137E;
P129F,PA137F;
P129G,PA137G;
P129H,PA137H;
P129I,PA137I;
P129K,PA137K;
P129L,PA137L;
P129M,PA137M;
P129N,PA137N;
P129Q,PA137Q;
P129R,PA137R;
P129S,PA137S;
P129T,PA137T;
P129V,PA137V;
P129W,PA137W;
P129Y,PA137Y;
I130A,IA138A;
I130C,IA138C;
I130D,IA138D;
I130E,IA138E;
I130F,IA138F;
I130G,IA138G;
I130H,IA138H;
I130K,IA138K;
I130L,IA138L;
I130M,IA138M;
I130N,IA138N;
I130P,IA138P;
I130Q,IA138Q;
I130R,IA138R;
I130S,IA138S;
I130T,IA138T;
I130V,IA138V;
I130W,IA138W;
I130Y,IA138Y;
I131A,IA139A;
I131C,IA139C;
I131D,IA139D;
I131E,IA139E;
I131F,IA139F;
I131G,IA139G;
I131H,IA139H;
I131K,IA139K;
I131L,IA139L;
I131M,IA139M;
I131N,IA139N;
I131P,IA139P;
I131Q,IA139Q;
I131R,IA139R;
I131S,IA139S;
I131T,IA139T;
I131V,IA139V;
I131W,IA139W;
I131Y,IA139Y;
H132A,HA140A;
H132C,HA140C;
H132D,HA140D;
H132E,HA140E;
H132F,HA140F;
H132G,HA140G;
H132I,HA140I;
H132K,HA140K;
H132L,HA140L;
H132M,HA140M;
H132N,HA140N;
H132P,HA140P;
H132Q,HA140Q;
H132R,HA140R;
H132S,HA140S;
H132T,HA140T;
H132V,HA140V;
H132W,HA140W;
H132Y,HA140Y;
F133A,FA141A;
F133C,FA141C;
F133D,FA141D;
F133E,FA141E;
F133G,FA141G;
F133H,FA141H;
F133I,FA141I;
F133K,FA141K;
F133L,FA141L;
F133M,FA141M;
F133N,FA141N;
F133P,FA141P;
F133Q,FA141Q;
F133R,FA141R;
F133S,FA141S;
F133T,FA141T;
F133V,FA141V;
F133W,FA141W;
F133Y,FA141Y;
G134A,GA142A;
G134C,GA142C;
G134D,GA142D;
G134E,GA142E;
G134F,GA142F;
G134H,GA142H;
G134I,GA142I;
G134K,GA142K;
G134L,GA142L;
G134M,GA142M;
G134N,GA142N;
G134P,GA142P;
G134Q,GA142Q;
G134R,GA142R;
G134S,GA142S;
G134T,GA142T;
G134V,GA142V;
G134W,GA142W;
G134Y,GA142Y;
S135A,SA143A;
S135C,SA143C;
S135D,SA143D;
S135E,SA143E;
S135F,SA143F;
S135G,SA143G;
S135H,SA143H;
S135I,SA143I;
S135K,SA143K;
S135L,SA143L;
S135M,SA143M;
S135N,SA143N;
S135P,SA143P;
S135Q,SA143Q;
S135R,SA143R;
S135T,SA143T;
S135V,SA143V;
S135W,SA143W;
S135Y,SA143Y;
D136A,DA144A;
D136C,DA144C;
D136E,DA144E;
D136F,DA144F;
D136G,DA144G;
D136H,DA144H;
D136I,DA144I;
D136K,DA144K;
D136L,DA144L;
D136M,DA144M;
D136N,DA144N;
D136P,DA144P;
D136Q,DA144Q;
D136R,DA144R;
D136S,DA144S;
D136T,DA144T;
D136V,DA144V;
D136W,DA144W;
D136Y,DA144Y;
Y137A,YA145A;
Y137C,YA145C;
Y137D,YA145D;
Y137E,YA145E;
Y137F,YA145F;
Y137G,YA145G;
Y137H,YA145H;
Y137I,YA145I;
Y137K,YA145K;
Y137L,YA145L;
Y137M,YA145M;
Y137N,YA145N;
Y137P,YA145P;
Y137Q,YA145Q;
Y137R,YA145R;
Y137S,YA145S;
Y137T,YA145T;
Y137V,YA145V;
Y137W,YA145W;
E138A,EA146A;
E138C,EA146C;
E138D,EA146D;
E138F,EA146F;
E138G,EA146G;
E138H,EA146H;
E138I,EA146I;
E138K,EA146K;
E138L,EA146L;
E138M,EA146M;
E138N,EA146N;
E138P,EA146P;
E138Q,EA146Q;
E138R,EA146R;
E138S,EA146S;
E138T,EA146T;
E138V,EA146V;
E138W,EA146W;
E138Y,EA146Y;
D139A,DA147A;
D139C,DA147C;
D139E,DA147E;
D139F,DA147F;
D139G,DA147G;
D139H,DA147H;
D139I,DA147I;
D139K,DA147K;
D139L,DA147L;
D139M,DA147M;
D139N,DA147N;
D139P,DA147P;
D139Q,DA147Q;
D139R,DA147R;
D139S,DA147S;
D139T,DA147T;
D139V,DA147V;
D139W,DA147W;
D139Y,DA147Y;
R140A,RA148A;
R140C,RA148C;
R140D,RA148D;
R140E,RA148E;
R140F,RA148F;
R140G,RA148G;
R140H,RA148H;
R140I,RA148I;
R140K,RA148K;
R140L,RA148L;
R140M,RA148M;
R140N,RA148N;
R140P,RA148P;
R140Q,RA148Q;
R140S,RA148S;
R140T,RA148T;
R140V,RA148V;
R140W,RA148W;
R140Y,RA148Y;
Y141A,YA149A;
Y141C,YA149C;
Y141D,YA149D;
Y141E,YA149E;
Y141F,YA149F;
Y141G,YA149G;
Y141H,YA149H;
Y141I,YA149I;
Y141K,YA149K;
Y141L,YA149L;
Y141M,YA149M;
Y141N,YA149N;
Y141P,YA149P;
Y141Q,YA149Q;
Y141R,YA149R;
Y141S,YA149S;
Y141T,YA149T;
Y141V,YA149V;
Y141W,YA149W;
Y142A,YA150A;
Y142C,YA150C;
Y142D,YA150D;
Y142E,YA150E;
Y142F,YA150F;
Y142G,YA150G;
Y142H,YA150H;
Y142I,YA150I;
Y142K,YA150K;
Y142L,YA150L;
Y142M,YA150M;
Y142N,YA150N;
Y142P,YA150P;
Y142Q,YA150Q;
Y142R,YA150R;
Y142S,YA150S;
Y142T,YA150T;
Y142V,YA150V;
Y142W,YA150W;
R143A,RA151A;
R143C,RA151C;
R143D,RA151D;
R143E,RA151E;
R143F,RA151F;
R143G,RA151G;
R143H,RA151H;
R143I,RA151I;
R143K,RA151K;
R143L,RA151L;
R143M,RA151M;
R143N,RA151N;
R143P,RA151P;
R143Q,RA151Q;
R143S,RA151S;
R143T,RA151T;
R143V,RA151V;
R143W,RA151W;
R143Y,RA151Y;
E144A,EA152A;
E144C,EA152C;
E144D,EA152D;
E144F,EA152F;
E144G,EA152G;
E144H,EA152H;
E144I,EA152I;
E144K,EA152K;
E144L,EA152L;
E144M,EA152M;
E144N,EA152N;
E144P,EA152P;
E144Q,EA152Q;
E144R,EA152R;
E144S,EA152S;
E144T,EA152T;
E144V,EA152V;
E144W,EA152W;
E144Y,EA152Y;
N145A,NA153A;
N145C,NA153C;
N145D,NA153D;
N145E,NA153E;
N145F,NA153F;
N145G,NA153G;
N145H,NA153H;
N145I,NA153I;
N145K,NA153K;
N145L,NA153L;
N145M,NA153M;
N145P,NA153P;
N145Q,NA153Q;
N145R,NA153R;
N145S,NA153S;
N145T,NA153T;
N145V,NA153V;
N145W,NA153W;
N145Y,NA153Y;
M146A,MA154A;
M146C,MA154C;
M146D,MA154D;
M146E,MA154E;
M146F,MA154F;
M146G,MA154G;
M146H,MA154H;
M146I,MA154I;
M146K,MA154K;
M146L,MA154L;
M146N,MA154N;
M146P,MA154P;
M146Q,MA154Q;
M146R,MA154R;
M146S,MA154S;
M146T,MA154T;
M146V,MA154V;
M146W,MA154W;
M146Y,MA154Y;
H147A,HA155A;
H147C,HA155C;
H147D,HA155D;
H147E,HA155E;
H147F,HA155F;
H147G,HA155G;
H147I,HA155I;
H147K,HA155K;
H147L,HA155L;
H147M,HA155M;
H147N,HA155N;
H147P,HA155P;
H147Q,HA155Q;
H147R,HA155R;
H147S,HA155S;
H147T,HA155T;
H147V,HA155V;
H147W,HA155W;
H147Y,HA155Y;
R148A,RA156A;
R148C,RA156C;
R148D,RA156D;
R148E,RA156E;
R148F,RA156F;
R148G,RA156G;
R148H,RA156H;
R148I,RA156I;
R148K,RA156K;
R148L,RA156L;
R148M,RA156M;
R148N,RA156N;
R148P,RA156P;
R148Q,RA156Q;
R148S,RA156S;
R148T,RA156T;
R148V,RA156V;
R148W,RA156W;
R148Y,RA156Y;
Y149A,YA157A;
Y149C,YA157C;
Y149D,YA157D;
Y149E,YA157E;
Y149F,YA157F;
Y149G,YA157G;
Y149H,YA157H;
Y149I,YA157I;
Y149K,YA157K;
Y149L,YA157L;
Y149M,YA157M;
Y149N,YA157N;
Y149P,YA157P;
Y149Q,YA157Q;
Y149R,YA157R;
Y149S,YA157S;
Y149T,YA157T;
Y149V,YA157V;
Y149W,YA157W;
P150A,PA158A;
P150C,PA158C;
P150D,PA158D;
P150E,PA158E;
P150F,PA158F;
P150G,PA158G;
P150H,PA158H;
P150I,PA158I;
P150K,PA158K;
P150L,PA158L;
P150M,PA158M;
P150N,PA158N;
P150Q,PA158Q;
P150R,PA158R;
P150S,PA158S;
P150T,PA158T;
P150V,PA158V;
P150W,PA158W;
P150Y,PA158Y;
N151A,NA159A;
N151C,NA159C;
N151D,NA159D;
N151E,NA159E;
N151F,NA159F;
N151G,NA159G;
N151H,NA159H;
N151I,NA159I;
N151K,NA159K;
N151L,NA159L;
N151M,NA159M;
N151P,NA159P;
N151Q,NA159Q;
N151R,NA159R;
N151S,NA159S;
N151T,NA159T;
N151V,NA159V;
N151W,NA159W;
N151Y,NA159Y;
Q152A,QA160A;
Q152C,QA160C;
Q152D,QA160D;
Q152E,QA160E;
Q152F,QA160F;
Q152G,QA160G;
Q152H,QA160H;
Q152I,QA160I;
Q152K,QA160K;
Q152L,QA160L;
Q152M,QA160M;
Q152N,QA160N;
Q152P,QA160P;
Q152R,QA160R;
Q152S,QA160S;
Q152T,QA160T;
Q152V,QA160V;
Q152W,QA160W;
Q152Y,QA160Y;
V153A,VA161A;
V153C,VA161C;
V153D,VA161D;
V153E,VA161E;
V153F,VA161F;
V153G,VA161G;
V153H,VA161H;
V153I,VA161I;
V153K,VA161K;
V153L,VA161L;
V153M,VA161M;
V153N,VA161N;
V153P,VA161P;
V153Q,VA161Q;
V153R,VA161R;
V153S,VA161S;
V153T,VA161T;
V153W,VA161W;
V153Y,VA161Y;
Y154A,YA162A;
Y154C,YA162C;
Y154D,YA162D;
Y154E,YA162E;
Y154F,YA162F;
Y154G,YA162G;
Y154H,YA162H;
Y154I,YA162I;
Y154K,YA162K;
Y154L,YA162L;
Y154M,YA162M;
Y154N,YA162N;
Y154P,YA162P;
Y154Q,YA162Q;
Y154R,YA162R;
Y154S,YA162S;
Y154T,YA162T;
Y154V,YA162V;
Y154W,YA162W;
Y155A,YA163A;
Y155C,YA163C;
Y155D,YA163D;
Y155E,YA163E;
Y155F,YA163F;
Y155G,YA163G;
Y155H,YA163H;
Y155I,YA163I;
Y155K,YA163K;
Y155L,YA163L;
Y155M,YA163M;
Y155N,YA163N;
Y155P,YA163P;
Y155Q,YA163Q;
Y155R,YA163R;
Y155S,YA163S;
Y155T,YA163T;
Y155V,YA163V;
Y155W,YA163W;
R156A,RA164A;
R156C,RA164C;
R156D,RA164D;
R156E,RA164E;
R156F,RA164F;
R156G,RA164G;
R156H,RA164H;
R156I,RA164I;
R156K,RA164K;
R156L,RA164L;
R156M,RA164M;
R156N,RA164N;
R156P,RA164P;
R156Q,RA164Q;
R156S,RA164S;
R156T,RA164T;
R156V,RA164V;
R156W,RA164W;
R156Y,RA164Y;
P157A,PA165A;
P157C,PA165C;
P157D,PA165D;
P157E,PA165E;
P157F,PA165F;
P157G,PA165G;
P157H,PA165H;
P157I,PA165I;
P157K,PA165K;
P157L,PA165L;
P157M,PA165M;
P157N,PA165N;
P157Q,PA165Q;
P157R,PA165R;
P157S,PA165S;
P157T,PA165T;
P157V,PA165V;
P157W,PA165W;
P157Y,PA165Y;
M158A,MA166A;
M158C,MA166C;
M158D,MA166D;
M158E,MA166E;
M158F,MA166F;
M158G,MA166G;
M158H,MA166H;
M158I,MA166I;
M158K,MA166K;
M158L,MA166L;
M158N,MA166N;
M158P,MA166P;
M158Q,MA166Q;
M158R,MA166R;
M158S,MA166S;
M158T,MA166T;
M158V,MA166V;
M158W,MA166W;
M158Y,MA166Y;
D159A,DA167A;
D159C,DA167C;
D159E,DA167E;
D159F,DA167F;
D159G,DA167G;
D159H,DA167H;
D159I,DA167I;
D159K,DA167K;
D159L,DA167L;
D159M,DA167M;
D159N,DA167N;
D159P,DA167P;
D159Q,DA167Q;
D159R,DA167R;
D159S,DA167S;
D159T,DA167T;
D159V,DA167V;
D159W,DA167W;
D159Y,DA167Y;
E160A,EA168A;
E160C,EA168C;
E160D,EA168D;
E160F,EA168F;
E160G,EA168G;
E160H,EA168H;
E160I,EA168I;
E160K,EA168K;
E160L,EA168L;
E160M,EA168M;
E160N,EA168N;
E160P,EA168P;
E160Q,EA168Q;
E160R,EA168R;
E160S,EA168S;
E160T,EA168T;
E160V,EA168V;
E160W,EA168W;
E160Y,EA168Y;
Y161A,YA169A;
Y161C,YA169C;
Y161D,YA169D;
Y161E,YA169E;
Y161F,YA169F;
Y161G,YA169G;
Y161H,YA169H;
Y161I,YA169I;
Y161K,YA169K;
Y161L,YA169L;
Y161M,YA169M;
Y161N,YA169N;
Y161P,YA169P;
Y161Q,YA169Q;
Y161R,YA169R;
Y161S,YA169S;
Y161T,YA169T;
Y161V,YA169V;
Y161W,YA169W;
S162A,SA170A;
S162C,SA170C;
S162D,SA170D;
S162E,SA170E;
S162F,SA170F;
S162G,SA170G;
S162H,SA170H;
S162I,SA170I;
S162K,SA170K;
S162L,SA170L;
S162M,SA170M;
S162N,SA170N;
S162P,SA170P;
S162Q,SA170Q;
S162R,SA170R;
S162T,SA170T;
S162V,SA170V;
S162W,SA170W;
S162Y,SA170Y;
N163A,NA171A;
N163C,NA171C;
N163D,NA171D;
N163E,NA171E;
N163F,NA171F;
N163G,NA171G;
N163H,NA171H;
N163I,NA171I;
N163K,NA171K;
N163L,NA171L;
N163M,NA171M;
N163P,NA171P;
N163Q,NA171Q;
N163R,NA171R;
N163S,NA171S;
N163T,NA171T;
N163V,NA171V;
N163W,NA171W;
N163Y,NA171Y;
Q164A,QA172A;
Q164C,QA172C;
Q164D,QA172D;
Q164E,QA172E;
Q164F,QA172F;
Q164G,QA172G;
Q164H,QA172H;
Q164I,QA172I;
Q164K,QA172K;
Q164L,QA172L;
Q164M,QA172M;
Q164N,QA172N;
Q164P,QA172P;
Q164R,QA172R;
Q164S,QA172S;
Q164T,QA172T;
Q164V,QA172V;
Q164W,QA172W;
Q164Y,QA172Y;
N165A,NA173A;
N165C,NA173C;
N165D,NA173D;
N165E,NA173E;
N165F,NA173F;
N165G,NA173G;
N165H,NA173H;
N165I,NA173I;
N165K,NA173K;
N165L,NA173L;
N165M,NA173M;
N165P,NA173P;
N165Q,NA173Q;
N165R,NA173R;
N165S,NA173S;
N165T,NA173T;
N165V,NA173V;
N165W,NA173W;
N165Y,NA173Y;
N166A,NA174A;
N166C,NA174C;
N166D,NA174D;
N166E,NA174E;
N166F,NA174F;
N166G,NA174G;
N166H,NA174H;
N166I,NA174I;
N166K,NA174K;
N166L,NA174L;
N166M,NA174M;
N166P,NA174P;
N166Q,NA174Q;
N166R,NA174R;
N166S,NA174S;
N166T,NA174T;
N166V,NA174V;
N166W,NA174W;
N166Y,NA174Y;
F167A,FA175A;
F167C,FA175C;
F167D,FA175D;
F167E,FA175E;
F167G,FA175G;
F167H,FA175H;
F167I,FA175I;
F167K,FA175K;
F167L,FA175L;
F167M,FA175M;
F167N,FA175N;
F167P,FA175P;
F167Q,FA175Q;
F167R,FA175R;
F167S,FA175S;
F167T,FA175T;
F167V,FA175V;
F167W,FA175W;
F167Y,FA175Y;
V168A,VA176A;
V168C,VA176C;
V168D,VA176D;
V168E,VA176E;
V168F,VA176F;
V168G,VA176G;
V168H,VA176H;
V168I,VA176I;
V168K,VA176K;
V168L,VA176L;
V168M,VA176M;
V168N,VA176N;
V168P,VA176P;
V168Q,VA176Q;
V168R,VA176R;
V168S,VA176S;
V168T,VA176T;
V168W,VA176W;
V168Y,VA176Y;
H169A,HA177A;
H169C,HA177C;
H169D,HA177D;
H169E,HA177E;
H169F,HA177F;
H169G,HA177G;
H169I,HA177I;
H169K,HA177K;
H169L,HA177L;
H169M,HA177M;
H169N,HA177N;
H169P,HA177P;
H169Q,HA177Q;
H169R,HA177R;
H169S,HA177S;
H169T,HA177T;
H169V,HA177V;
H169W,HA177W;
H169Y,HA177Y;
D170A,DA178A;
D170C,DA178C;
D170E,DA178E;
D170F,DA178F;
D170G,DA178G;
D170H,DA178H;
D170I,DA178I;
D170K,DA178K;
D170L,DA178L;
D170M,DA178M;
D170N,DA178N;
D170P,DA178P;
D170Q,DA178Q;
D170R,DA178R;
D170S,DA178S;
D170T,DA178T;
D170V,DA178V;
D170W,DA178W;
D170Y,DA178Y;
C171A,CA179A;
C171D,CA179D;
C171E,CA179E;
C171F,CA179F;
C171G,CA179G;
C171H,CA179H;
C171I,CA179I;
C171K,CA179K;
C171L,CA179L;
C171M,CA179M;
C171N,CA179N;
C171P,CA179P;
C171Q,CA179Q;
C171R,CA179R;
C171S,CA179S;
C171T,CA179T;
C171V,CA179V;
C171W,CA179W;
C171Y,CA179Y;
V172A,VA180A;
V172C,VA180C;
V172D,VA180D;
V172E,VA180E;
V172F,VA180F;
V172G,VA180G;
V172H,VA180H;
V172I,VA180I;
V172K,VA180K;
V172L,VA180L;
V172M,VA180M;
V172N,VA180N;
V172P,VA180P;
V172Q,VA180Q;
V172R,VA180R;
V172S,VA180S;
V172T,VA180T;
V172W,VA180W;
V172Y,VA180Y;
N173A,NA181A;
N173C,NA181C;
N173D,NA181D;
N173E,NA181E;
N173F,NA181F;
N173G,NA181G;
N173H,NA181H;
N173I,NA181I;
N173K,NA181K;
N173L,NA181L;
N173M,NA181M;
N173P,NA181P;
N173Q,NA181Q;
N173R,NA181R;
N173S,NA181S;
N173T,NA181T;
N173V,NA181V;
N173W,NA181W;
N173Y,NA181Y;
I174A,IA182A;
I174C,IA182C;
I174D,IA182D;
I174E,IA182E;
I174F,IA182F;
I174G,IA182G;
I174H,IA182H;
I174K,IA182K;
I174L,IA182L;
I174M,IA182M;
I174N,IA182N;
I174P,IA182P;
I174Q,IA182Q;
I174R,IA182R;
I174S,IA182S;
I174T,IA182T;
I174V,IA182V;
I174W,IA182W;
I174Y,IA182Y;
T175A,TA183A;
T175C,TA183C;
T175D,TA183D;
T175E,TA183E;
T175F,TA183F;
T175G,TA183G;
T175H,TA183H;
T175I,TA183I;
T175K,TA183K;
T175L,TA183L;
T175M,TA183M;
T175N,TA183N;
T175P,TA183P;
T175Q,TA183Q;
T175R,TA183R;
T175S,TA183S;
T175V,TA183V;
T175W,TA183W;
T175Y,TA183Y;
I176A,IA184A;
I176C,IA184C;
I176D,IA184D;
I176E,IA184E;
I176F,IA184F;
I176G,IA184G;
I176H,IA184H;
I176K,IA184K;
I176L,IA184L;
I176M,IA184M;
I176N,IA184N;
I176P,IA184P;
I176Q,IA184Q;
I176R,IA184R;
I176S,IA184S;
I176T,IA184T;
I176V,IA184V;
I176W,IA184W;
I176Y,IA184Y;
K177A,KA185A;
K177C,KA185C;
K177D,KA185D;
K177E,KA185E;
K177F,KA185F;
K177G,KA185G;
K177H,KA185H;
K177I,KA185I;
K177L,KA185L;
K177M,KA185M;
K177N,KA185N;
K177P,KA185P;
K177Q,KA185Q;
K177R,KA185R;
K177S,KA185S;
K177T,KA185T;
K177V,KA185V;
K177W,KA185W;
K177Y,KA185Y;
Q178A,QA186A;
Q178C,QA186C;
Q178D,QA186D;
Q178E,QA186E;
Q178F,QA186F;
Q178G,QA186G;
Q178H,QA186H;
Q178I,QA186I;
Q178K,QA186K;
Q178L,QA186L;
Q178M,QA186M;
Q178N,QA186N;
Q178P,QA186P;
Q178R,QA186R;
Q178S,QA186S;
Q178T,QA186T;
Q178V,QA186V;
Q178W,QA186W;
Q178Y,QA186Y;
H179A,HA187A;
H179C,HA187C;
H179D,HA187D;
H179E,HA187E;
H179F,HA187F;
H179G,HA187G;
H179I,HA187I;
H179K,HA187K;
H179L,HA187L;
H179M,HA187M;
H179N,HA187N;
H179P,HA187P;
H179Q,HA187Q;
H179R,HA187R;
H179S,HA187S;
H179T,HA187T;
H179V,HA187V;
H179W,HA187W;
H179Y,HA187Y;
T180A,TA188A;
T180C,TA188C;
T180D,TA188D;
T180E,TA188E;
T180F,TA188F;
T180G,TA188G;
T180H,TA188H;
T180I,TA188I;
T180K,TA188K;
T180L,TA188L;
T180M,TA188M;
T180N,TA188N;
T180P,TA188P;
T180Q,TA188Q;
T180R,TA188R;
T180S,TA188S;
T180V,TA188V;
T180W,TA188W;
T180Y,TA188Y;
V181A,VA189A;
V181C,VA189C;
V181D,VA189D;
V181E,VA189E;
V181F,VA189F;
V181G,VA189G;
V181H,VA189H;
V181I,VA189I;
V181K,VA189K;
V181L,VA189L;
V181M,VA189M;
V181N,VA189N;
V181P,VA189P;
V181Q,VA189Q;
V181R,VA189R;
V181S,VA189S;
V181T,VA189T;
V181W,VA189W;
V181Y,VA189Y;
T182A,TA190A;
T182C,TA190C;
T182D,TA190D;
T182E,TA190E;
T182F,TA190F;
T182G,TA190G;
T182H,TA190H;
T182I,TA190I;
T182K,TA190K;
T182L,TA190L;
T182M,TA190M;
T182N,TA190N;
T182P,TA190P;
T182Q,TA190Q;
T182R,TA190R;
T182S,TA190S;
T182V,TA190V;
T182W,TA190W;
T182Y,TA190Y;
T183A,TA191A;
T183C,TA191C;
T183D,TA191D;
T183E,TA191E;
T183F,TA191F;
T183G,TA191G;
T183H,TA191H;
T183I,TA191I;
T183K,TA191K;
T183L,TA191L;
T183M,TA191M;
T183N,TA191N;
T183P,TA191P;
T183Q,TA191Q;
T183R,TA191R;
T183S,TA191S;
T183V,TA191V;
T183W,TA191W;
T183Y,TA191Y;
T184A,TA192A;
T184C,TA192C;
T184D,TA192D;
T184E,TA192E;
T184F,TA192F;
T184G,TA192G;
T184H,TA192H;
T184I,TA192I;
T184K,TA192K;
T184L,TA192L;
T184M,TA192M;
T184N,TA192N;
T184P,TA192P;
T184Q,TA192Q;
T184R,TA192R;
T184S,TA192S;
T184V,TA192V;
T184W,TA192W;
T184Y,TA192Y;
T185A,TA193A;
T185C,TA193C;
T185D,TA193D;
T185E,TA193E;
T185F,TA193F;
T185G,TA193G;
T185H,TA193H;
T185I,TA193I;
T185K,TA193K;
T185L,TA193L;
T185M,TA193M;
T185N,TA193N;
T185P,TA193P;
T185Q,TA193Q;
T185R,TA193R;
T185S,TA193S;
T185V,TA193V;
T185W,TA193W;
T185Y,TA193Y;
K186A,KA194A;
K186C,KA194C;
K186D,KA194D;
K186E,KA194E;
K186F,KA194F;
K186G,KA194G;
K186H,KA194H;
K186I,KA194I;
K186L,KA194L;
K186M,KA194M;
K186N,KA194N;
K186P,KA194P;
K186Q,KA194Q;
K186R,KA194R;
K186S,KA194S;
K186T,KA194T;
K186V,KA194V;
K186W,KA194W;
K186Y,KA194Y;
G187A,GA195A;
G187C,GA195C;
G187D,GA195D;
G187E,GA195E;
G187F,GA195F;
G187H,GA195H;
G187I,GA195I;
G187K,GA195K;
G187L,GA195L;
G187M,GA195M;
G187N,GA195N;
G187P,GA195P;
G187Q,GA195Q;
G187R,GA195R;
G187S,GA195S;
G187T,GA195T;
G187V,GA195V;
G187W,GA195W;
G187Y,GA195Y;
E188A,EA196A;
E188C,EA196C;
E188D,EA196D;
E188F,EA196F;
E188G,EA196G;
E188H,EA196H;
E188I,EA196I;
E188K,EA196K;
E188L,EA196L;
E188M,EA196M;
E188N,EA196N;
E188P,EA196P;
E188Q,EA196Q;
E188R,EA196R;
E188S,EA196S;
E188T,EA196T;
E188V,EA196V;
E188W,EA196W;
E188Y,EA196Y;
N189A,NA197A;
N189C,NA197C;
N189D,NA197D;
N189E,NA197E;
N189F,NA197F;
N189G,NA197G;
N189H,NA197H;
N189I,NA197I;
N189K,NA197K;
N189L,NA197L;
N189M,NA197M;
N189P,NA197P;
N189Q,NA197Q;
N189R,NA197R;
N189S,NA197S;
N189T,NA197T;
N189V,NA197V;
N189W,NA197W;
N189Y,NA197Y;
F190A,FA198A;
F190C,FA198C;
F190D,FA198D;
F190E,FA198E;
F190G,FA198G;
F190H,FA198H;
F190I,FA198I;
F190K,FA198K;
F190L,FA198L;
F190M,FA198M;
F190N,FA198N;
F190P,FA198P;
F190Q,FA198Q;
F190R,FA198R;
F190S,FA198S;
F190T,FA198T;
F190V,FA198V;
F190W,FA198W;
F190Y,FA198Y;
T191A,TA199A;
T191C,TA199C;
T191D,TA199D;
T191E,TA199E;
T191F,TA199F;
T191G,TA199G;
T191H,TA199H;
T191I,TA199I;
T191K,TA199K;
T191L,TA199L;
T191M,TA199M;
T191N,TA199N;
T191P,TA199P;
T191Q,TA199Q;
T191R,TA199R;
T191S,TA199S;
T191V,TA199V;
T191W,TA199W;
T191Y,TA199Y;
E192A,EA200A;
E192C,EA200C;
E192D,EA200D;
E192F,EA200F;
E192G,EA200G;
E192H,EA200H;
E192I,EA200I;
E192K,EA200K;
E192L,EA200L;
E192M,EA200M;
E192N,EA200N;
E192P,EA200P;
E192Q,EA200Q;
E192R,EA200R;
E192S,EA200S;
E192T,EA200T;
E192V,EA200V;
E192W,EA200W;
E192Y,EA200Y;
T193A,TA201A;
T193C,TA201C;
T193D,TA201D;
T193E,TA201E;
T193F,TA201F;
T193G,TA201G;
T193H,TA201H;
T193I,TA201I;
T193K,TA201K;
T193L,TA201L;
T193M,TA201M;
T193N,TA201N;
T193P,TA201P;
T193Q,TA201Q;
T193R,TA201R;
T193S,TA201S;
T193V,TA201V;
T193W,TA201W;
T193Y,TA201Y;
D194A,DA202A;
D194C,DA202C;
D194E,DA202E;
D194F,DA202F;
D194G,DA202G;
D194H,DA202H;
D194I,DA202I;
D194K,DA202K;
D194L,DA202L;
D194M,DA202M;
D194N,DA202N;
D194P,DA202P;
D194Q,DA202Q;
D194R,DA202R;
D194S,DA202S;
D194T,DA202T;
D194V,DA202V;
D194W,DA202W;
D194Y,DA202Y;
V195A,VA203A;
V195C,VA203C;
V195D,VA203D;
V195E,VA203E;
V195F,VA203F;
V195G,VA203G;
V195H,VA203H;
V195I,VA203I;
V195K,VA203K;
V195L,VA203L;
V195M,VA203M;
V195N,VA203N;
V195P,VA203P;
V195Q,VA203Q;
V195R,VA203R;
V195S,VA203S;
V195T,VA203T;
V195W,VA203W;
V195Y,VA203Y;
K196A,KA204A;
K196C,KA204C;
K196D,KA204D;
K196E,KA204E;
K196F,KA204F;
K196G,KA204G;
K196H,KA204H;
K196I,KA204I;
K196L,KA204L;
K196M,KA204M;
K196N,KA204N;
K196P,KA204P;
K196Q,KA204Q;
K196R,KA204R;
K196S,KA204S;
K196T,KA204T;
K196V,KA204V;
K196W,KA204W;
K196Y,KA204Y;
M197A,MA205A;
M197C,MA205C;
M197D,MA205D;
M197E,MA205E;
M197F,MA205F;
M197G,MA205G;
M197H,MA205H;
M197I,MA205I;
M197K,MA205K;
M197L,MA205L;
M197N,MA205N;
M197P,MA205P;
M197Q,MA205Q;
M197R,MA205R;
M197S,MA205S;
M197T,MA205T;
M197V,MA205V;
M197W,MA205W;
M197Y,MA205Y;
M198A,MA206A;
M198C,MA206C;
M198D,MA206D;
M198E,MA206E;
M198F,MA206F;
M198G,MA206G;
M198H,MA206H;
M198I,MA206I;
M198K,MA206K;
M198L,MA206L;
M198N,MA206N;
M198P,MA206P;
M198Q,MA206Q;
M198R,MA206R;
M198S,MA206S;
M198T,MA206T;
M198V,MA206V;
M198W,MA206W;
M198Y,MA206Y;
E199A,EA207A;
E199C,EA207C;
E199D,EA207D;
E199F,EA207F;
E199G,EA207G;
E199H,EA207H;
E199I,EA207I;
E199K,EA207K;
E199L,EA207L;
E199M,EA207M;
E199N,EA207N;
E199P,EA207P;
E199Q,EA207Q;
E199R,EA207R;
E199S,EA207S;
E199T,EA207T;
E199V,EA207V;
E199W,EA207W;
E199Y,EA207Y;
R200A,RA208A;
R200C,RA208C;
R200D,RA208D;
R200E,RA208E;
R200F,RA208F;
R200G,RA208G;
R200H,RA208H;
R200I,RA208I;
R200K,RA208K;
R200L,RA208L;
R200M,RA208M;
R200N,RA208N;
R200P,RA208P;
R200Q,RA208Q;
R200S,RA208S;
R200T,RA208T;
R200V,RA208V;
R200W,RA208W;
R200Y,RA208Y;
V201A,VA209A;
V201C,VA209C;
V201D,VA209D;
V201E,VA209E;
V201F,VA209F;
V201G,VA209G;
V201H,VA209H;
V201I,VA209I;
V201K,VA209K;
V201L,VA209L;
V201M,VA209M;
V201N,VA209N;
V201P,VA209P;
V201Q,VA209Q;
V201R,VA209R;
V201S,VA209S;
V201T,VA209T;
V201W,VA209W;
V201Y,VA209Y;
V202A,VA210A;
V202C,VA210C;
V202D,VA210D;
V202E,VA210E;
V202F,VA210F;
V202G,VA210G;
V202H,VA210H;
V202I,VA210I;
V202K,VA210K;
V202L,VA210L;
V202M,VA210M;
V202N,VA210N;
V202P,VA210P;
V202Q,VA210Q;
V202R,VA210R;
V202S,VA210S;
V202T,VA210T;
V202W,VA210W;
V202Y,VA210Y;
E203A,EA211A;
E203C,EA211C;
E203D,EA211D;
E203F,EA211F;
E203G,EA211G;
E203H,EA211H;
E203I,EA211I;
E203K,EA211K;
E203L,EA211L;
E203M,EA211M;
E203N,EA211N;
E203P,EA211P;
E203Q,EA211Q;
E203R,EA211R;
E203S,EA211S;
E203T,EA211T;
E203V,EA211V;
E203W,EA211W;
E203Y,EA211Y;
Q204A,QA212A;
Q204C,QA212C;
Q204D,QA212D;
Q204E,QA212E;
Q204F,QA212F;
Q204G,QA212G;
Q204H,QA212H;
Q204I,QA212I;
Q204K,QA212K;
Q204L,QA212L;
Q204M,QA212M;
Q204N,QA212N;
Q204P,QA212P;
Q204R,QA212R;
Q204S,QA212S;
Q204T,QA212T;
Q204V,QA212V;
Q204W,QA212W;
Q204Y,QA212Y;
M205A,MA213A;
M205C,MA213C;
M205D,MA213D;
M205E,MA213E;
M205F,MA213F;
M205G,MA213G;
M205H,MA213H;
M205I,MA213I;
M205K,MA213K;
M205L,MA213L;
M205N,MA213N;
M205P,MA213P;
M205Q,MA213Q;
M205R,MA213R;
M205S,MA213S;
M205T,MA213T;
M205V,MA213V;
M205W,MA213W;
M205Y,MA213Y;
C206A,CA214A;
C206D,CA214D;
C206E,CA214E;
C206F,CA214F;
C206G,CA214G;
C206H,CA214H;
C206I,CA214I;
C206K,CA214K;
C206L,CA214L;
C206M,CA214M;
C206N,CA214N;
C206P,CA214P;
C206Q,CA214Q;
C206R,CA214R;
C206S,CA214S;
C206T,CA214T;
C206V,CA214V;
C206W,CA214W;
C206Y,CA214Y;
I207A,IA215A;
I207C,IA215C;
I207D,IA215D;
I207E,IA215E;
I207F,IA215F;
I207G,IA215G;
I207H,IA215H;
I207K,IA215K;
I207L,IA215L;
I207M,IA215M;
I207N,IA215N;
I207P,IA215P;
I207Q,IA215Q;
I207R,IA215R;
I207S,IA215S;
I207T,IA215T;
I207V,IA215V;
I207W,IA215W;
I207Y,IA215Y;
T208A,TA216A;
T208C,TA216C;
T208D,TA216D;
T208E,TA216E;
T208F,TA216F;
T208G,TA216G;
T208H,TA216H;
T208I,TA216I;
T208K,TA216K;
T208L,TA216L;
T208M,TA216M;
T208N,TA216N;
T208P,TA216P;
T208Q,TA216Q;
T208R,TA216R;
T208S,TA216S;
T208V,TA216V;
T208W,TA216W;
T208Y,TA216Y;
Q209A,QA217A;
Q209C,QA217C;
Q209D,QA217D;
Q209E,QA217E;
Q209F,QA217F;
Q209G,QA217G;
Q209H,QA217H;
Q209I,QA217I;
Q209K,QA217K;
Q209L,QA217L;
Q209M,QA217M;
Q209N,QA217N;
Q209P,QA217P;
Q209R,QA217R;
Q209S,QA217S;
Q209T,QA217T;
Q209V,QA217V;
Q209W,QA217W;
Q209Y,QA217Y;
Y210A,YA218A;
Y210C,YA218C;
Y210D,YA218D;
Y210E,YA218E;
Y210F,YA218F;
Y210G,YA218G;
Y210H,YA218H;
Y210I,YA218I;
Y210K,YA218K;
Y210L,YA218L;
Y210M,YA218M;
Y210N,YA218N;
Y210P,YA218P;
Y210Q,YA218Q;
Y210R,YA218R;
Y210S,YA218S;
Y210T,YA218T;
Y210V,YA218V;
Y210W,YA218W;
E211A,EA219A;
E211C,EA219C;
E211D,EA219D;
E211F,EA219F;
E211G,EA219G;
E211H,EA219H;
E211I,EA219I;
E211K,EA219K;
E211L,EA219L;
E211M,EA219M;
E211N,EA219N;
E211P,EA219P;
E211Q,EA219Q;
E211R,EA219R;
E211S,EA219S;
E211T,EA219T;
E211V,EA219V;
E211W,EA219W;
E211Y,EA219Y;
R212A,RA220A;
R212C,RA220C;
R212D,RA220D;
R212E,RA220E;
R212F,RA220F;
R212G,RA220G;
R212H,RA220H;
R212I,RA220I;
R212K,RA220K;
R212L,RA220L;
R212M,RA220M;
R212N,RA220N;
R212P,RA220P;
R212Q,RA220Q;
R212S,RA220S;
R212T,RA220T;
R212V,RA220V;
R212W,RA220W;
R212Y,RA220Y;
E213A,EA221A;
E213C,EA221C;
E213D,EA221D;
E213F,EA221F;
E213G,EA221G;
E213H,EA221H;
E213I,EA221I;
E213K,EA221K;
E213L,EA221L;
E213M,EA221M;
E213N,EA221N;
E213P,EA221P;
E213Q,EA221Q;
E213R,EA221R;
E213S,EA221S;
E213T,EA221T;
E213V,EA221V;
E213W,EA221W;
E213Y,EA221Y;
S214A,SA222A;
S214C,SA222C;
S214D,SA222D;
S214E,SA222E;
S214F,SA222F;
S214G,SA222G;
S214H,SA222H;
S214I,SA222I;
S214K,SA222K;
S214L,SA222L;
S214M,SA222M;
S214N,SA222N;
S214P,SA222P;
S214Q,SA222Q;
S214R,SA222R;
S214T,SA222T;
S214V,SA222V;
S214W,SA222W;
S214Y,SA222Y;
Q215A,QA223A;
Q215C,QA223C;
Q215D,QA223D;
Q215E,QA223E;
Q215F,QA223F;
Q215G,QA223G;
Q215H,QA223H;
Q215I,QA223I;
Q215K,QA223K;
Q215L,QA223L;
Q215M,QA223M;
Q215N,QA223N;
Q215P,QA223P;
Q215R,QA223R;
Q215S,QA223S;
Q215T,QA223T;
Q215V,QA223V;
Q215W,QA223W;
Q215Y,QA223Y;
A216C,AA224C;
A216D,AA224D;
A216E,AA224E;
A216F,AA224F;
A216G,AA224G;
A216H,AA224H;
A216I,AA224I;
A216K,AA224K;
A216L,AA224L;
A216M,AA224M;
A216N,AA224N;
A216P,AA224P;
A216Q,AA224Q;
A216R,AA224R;
A216S,AA224S;
A216T,AA224T;
A216V,AA224V;
A216W,AA224W;
A216Y,AA224Y;
Y217A,YA225A;
Y217C,YA225C;
Y217D,YA225D;
Y217E,YA225E;
Y217F,YA225F;
Y217G,YA225G;
Y217H,YA225H;
Y217I,YA225I;
Y217K,YA225K;
Y217L,YA225L;
Y217M,YA225M;
Y217N,YA225N;
Y217P,YA225P;
Y217Q,YA225Q;
Y217R,YA225R;
Y217S,YA225S;
Y217T,YA225T;
Y217V,YA225V;
Y217W,YA225W;
Y218A,YA226A;
Y218C,YA226C;
Y218D,YA226D;
Y218E,YA226E;
Y218F,YA226F;
Y218G,YA226G;
Y218H,YA226H;
Y218I,YA226I;
Y218K,YA226K;
Y218L,YA226L;
Y218M,YA226M;
Y218N,YA226N;
Y218P,YA226P;
Y218Q,YA226Q;
Y218R,YA226R;
Y218S,YA226S;
Y218T,YA226T;
Y218V,YA226V;
Y218W,YA226W;
Q219A,QA227A;
Q219C,QA227C;
Q219D,QA227D;
Q219E,QA227E;
Q219F,QA227F;
Q219G,QA227G;
Q219H,QA227H;
Q219I,QA227I;
Q219K,QA227K;
Q219L,QA227L;
Q219M,QA227M;
Q219N,QA227N;
Q219P,QA227P;
Q219R,QA227R;
Q219S,QA227S;
Q219T,QA227T;
Q219V,QA227V;
Q219W,QA227W;
Q219Y,QA227Y;
R220A,RA228A;
R220C,RA228C;
R220D,RA228D;
R220E,RA228E;
R220F,RA228F;
R220G,RA228G;
R220H,RA228H;
R220I,RA228I;
R220K,RA228K;
R220L,RA228L;
R220M,RA228M;
R220N,RA228N;
R220P,RA228P;
R220Q,RA228Q;
R220S,RA228S;
R220T,RA228T;
R220V,RA228V;
R220W,RA228W;
R220Y,RA228Y;
G221A,GA229A;
G221C,GA229C;
G221D,GA229D;
G221E,GA229E;
G221F,GA229F;
G221H,GA229H;
G221I,GA229I;
G221K,GA229K;
G221L,GA229L;
G221M,GA229M;
G221N,GA229N;
G221P,GA229P;
G221Q,GA229Q;
G221R,GA229R;
G221S,GA229S;
G221T,GA229T;
G221V,GA229V;
G221W,GA229W;
G221Y,GA229Y;
S222A,SA230A;
S222C,SA230C;
S222D,SA230D;
S222E,SA230E;
S222F,SA230F;
S222G,SA230G;
S222H,SA230H;
S222I,SA230I;
S222K,SA230K;
S222L,SA230L;
S222M,SA230M;
S222N,SA230N;
S222P,SA230P;
S222Q,SA230Q;
S222R,SA230R;
S222T,SA230T;
S222V,SA230V;
S222W,SA230W;
S222Y,SA230Y;
S223A,SA231A;
S223C,SA231C;
S223D,SA231D;
S223E,SA231E;
S223F,SA231F;
S223G,SA231G;
S223H,SA231H;
S223I,SA231I;
S223K,SA231K;
S223L,SA231L;
S223M,SA231M;
S223N,SA231N;
S223P,SA231P;
S223Q,SA231Q;
S223R,SA231R;
S223T,SA231T;
S223V,SA231V;
S223W,SA231W;
S223Y,SA231Y;
M224A,MA232A;
M224C,MA232C;
M224D,MA232D;
M224E,MA232E;
M224F,MA232F;
M224G,MA232G;
M224H,MA232H;
M224I,MA232I;
M224K,MA232K;
M224L,MA232L;
M224N,MA232N;
M224P,MA232P;
M224Q,MA232Q;
M224R,MA232R;
M224S,MA232S;
M224T,MA232T;
M224V,MA232V;
M224W,MA232W;
M224Y,MA232Y;
V225A,VA233A;
V225C,VA233C;
V225D,VA233D;
V225E,VA233E;
V225F,VA233F;
V225G,VA233G;
V225H,VA233H;
V225I,VA233I;
V225K,VA233K;
V225L,VA233L;
V225M,VA233M;
V225N,VA233N;
V225P,VA233P;
V225Q,VA233Q;
V225R,VA233R;
V225S,VA233S;
V225T,VA233T;
V225W,VA233W;
V225Y,VA233Y;
L226A,LA234A;
L226C,LA234C;
L226D,LA234D;
L226E,LA234E;
L226F,LA234F;
L226G,LA234G;
L226H,LA234H;
L226I,LA234I;
L226K,LA234K;
L226M,LA234M;
L226N,LA234N;
L226P,LA234P;
L226Q,LA234Q;
L226R,LA234R;
L226S,LA234S;
L226T,LA234T;
L226V,LA234V;
L226W,LA234W;
L226Y,LA234Y;
F227A,FA235A;
F227C,FA235C;
F227D,FA235D;
F227E,FA235E;
F227G,FA235G;
F227H,FA235H;
F227I,FA235I;
F227K,FA235K;
F227L,FA235L;
F227M,FA235M;
F227N,FA235N;
F227P,FA235P;
F227Q,FA235Q;
F227R,FA235R;
F227S,FA235S;
F227T,FA235T;
F227V,FA235V;
F227W,FA235W;
F227Y,FA235Y;
S228A,SA236A;
S228C,SA236C;
S228D,SA236D;
S228E,SA236E;
S228F,SA236F;
S228G,SA236G;
S228H,SA236H;
S228I,SA236I;
S228K,SA236K;
S228L,SA236L;
S228M,SA236M;
S228N,SA236N;
S228P,SA236P;
S228Q,SA236Q;
S228R,SA236R;
S228T,SA236T;
S228V,SA236V;
S228W,SA236W;
S228Y,SA236Y;
S229A,SA237A;
S229C,SA237C;
S229D,SA237D;
S229E,SA237E;
S229F,SA237F;
S229G,SA237G;
S229H,SA237H;
S229I,SA237I;
S229K,SA237K;
S229L,SA237L;
S229M,SA237M;
S229N,SA237N;
S229P,SA237P;
S229Q,SA237Q;
S229R,SA237R;
S229T,SA237T;
S229V,SA237V;
S229W,SA237W;
S229Y,SA237Y;
P230A,PA238A;
P230C,PA238C;
P230D,PA238D;
P230E,PA238E;
P230F,PA238F;
P230G,PA238G;
P230H,PA238H;
P230I,PA238I;
P230K,PA238K;
P230L,PA238L;
P230M,PA238M;
P230N,PA238N;
P230Q,PA238Q;
P230R,PA238R;
P230S,PA238S;
P230T,PA238T;
P230V,PA238V;
P230W,PA238W;
P230Y,PA238Y;
P231A,PA239A;
P231C,PA239C;
P231D,PA239D;
P231E,PA239E;
P231F,PA239F;
P231G,PA239G;
P231H,PA239H;
P231I,PA239I;
P231K,PA239K;
P231L,PA239L;
P231M,PA239M;
P231N,PA239N;
P231Q,PA239Q;
P231R,PA239R;
P231S,PA239S;
P231T,PA239T;
P231V,PA239V;
P231W,PA239W;
P231Y,PA239Y;
V232A,VA240A;
V232C,VA240C;
V232D,VA240D;
V232E,VA240E;
V232F,VA240F;
V232G,VA240G;
V232H,VA240H;
V232I,VA240I;
V232K,VA240K;
V232L,VA240L;
V232M,VA240M;
V232N,VA240N;
V232P,VA240P;
V232Q,VA240Q;
V232R,VA240R;
V232S,VA240S;
V232T,VA240T;
V232W,VA240W;
V232Y,VA240Y;
I233A,IA241A;
I233C,IA241C;
I233D,IA241D;
I233E,IA241E;
I233F,IA241F;
I233G,IA241G;
I233H,IA241H;
I233K,IA241K;
I233L,IA241L;
I233M,IA241M;
I233N,IA241N;
I233P,IA241P;
I233Q,IA241Q;
I233R,IA241R;
I233S,IA241S;
I233T,IA241T;
I233V,IA241V;
I233W,IA241W;
I233Y,IA241Y;
L234A,LA242A;
L234C,LA242C;
L234D,LA242D;
L234E,LA242E;
L234F,LA242F;
L234G,LA242G;
L234H,LA242H;
L234I,LA242I;
L234K,LA242K;
L234M,LA242M;
L234N,LA242N;
L234P,LA242P;
L234Q,LA242Q;
L234R,LA242R;
L234S,LA242S;
L234T,LA242T;
L234V,LA242V;
L234W,LA242W;
L234Y,LA242Y;
L235A,LA243A;
L235C,LA243C;
L235D,LA243D;
L235E,LA243E;
L235F,LA243F;
L235G,LA243G;
L235H,LA243H;
L235I,LA243I;
L235K,LA243K;
L235M,LA243M;
L235N,LA243N;
L235P,LA243P;
L235Q,LA243Q;
L235R,LA243R;
L235S,LA243S;
L235T,LA243T;
L235V,LA243V;
L235W,LA243W;
L235Y,LA243Y;
I236A,IA244A;
I236C,IA244C;
I236D,IA244D;
I236E,IA244E;
I236F,IA244F;
I236G,IA244G;
I236H,IA244H;
I236K,IA244K;
I236L,IA244L;
I236M,IA244M;
I236N,IA244N;
I236P,IA244P;
I236Q,IA244Q;
I236R,IA244R;
I236S,IA244S;
I236T,IA244T;
I236V,IA244V;
I236W,IA244W;
I236Y,IA244Y;
S237A,SA245A;
S237C,SA245C;
S237D,SA245D;
S237E,SA245E;
S237F,SA245F;
S237G,SA245G;
S237H,SA245H;
S237I,SA245I;
S237K,SA245K;
S237L,SA245L;
S237M,SA245M;
S237N,SA245N;
S237P,SA245P;
S237Q,SA245Q;
S237R,SA245R;
S237T,SA245T;
S237V,SA245V;
S237W,SA245W;
S237Y,SA245Y;
F238A,FA246A;
F238C,FA246C;
F238D,FA246D;
F238E,FA246E;
F238G,FA246G;
F238H,FA246H;
F238I,FA246I;
F238K,FA246K;
F238L,FA246L;
F238M,FA246M;
F238N,FA246N;
F238P,FA246P;
F238Q,FA246Q;
F238R,FA246R;
F238S,FA246S;
F238T,FA246T;
F238V,FA246V;
F238W,FA246W;
F238Y,FA246Y;
L239A,LA247A;
L239C,LA247C;
L239D,LA247D;
L239E,LA247E;
L239F,LA247F;
L239G,LA247G;
L239H,LA247H;
L239I,LA247I;
L239K,LA247K;
L239M,LA247M;
L239N,LA247N;
L239P,LA247P;
L239Q,LA247Q;
L239R,LA247R;
L239S,LA247S;
L239T,LA247T;
L239V,LA247V;
L239W,LA247W;
L239Y,LA247Y;
I240A,IA248A;
I240C,IA248C;
I240D,IA248D;
I240E,IA248E;
I240F,IA248F;
I240G,IA248G;
I240H,IA248H;
I240K,IA248K;
I240L,IA248L;
I240M,IA248M;
I240N,IA248N;
I240P,IA248P;
I240Q,IA248Q;
I240R,IA248R;
I240S,IA248S;
I240T,IA248T;
I240V,IA248V;
I240W,IA248W;
I240Y,IA248Y;
F241A,FA249A;
F241C,FA249C;
F241D,FA249D;
F241E,FA249E;
F241G,FA249G;
F241H,FA249H;
F241I,FA249I;
F241K,FA249K;
F241L,FA249L;
F241M,FA249M;
F241N,FA249N;
F241P,FA249P;
F241Q,FA249Q;
F241R,FA249R;
F241S,FA249S;
F241T,FA249T;
F241V,FA249V;
F241W,FA249W;
F241Y,FA249Y;
L242A,LA250A;
L242C,LA250C;
L242D,LA250D;
L242E,LA250E;
L242F,LA250F;
L242G,LA250G;
L242H,LA250H;
L242I,LA250I;
L242K,LA250K;
L242M,LA250M;
L242N,LA250N;
L242P,LA250P;
L242Q,LA250Q;
L242R,LA250R;
L242S,LA250S;
L242T,LA250T;
L242V,LA250V;
L242W,LA250W;
L242Y,LA250Y;
I243A,IA251A;
I243C,IA251C;
I243D,IA251D;
I243E,IA251E;
I243F,IA251F;
I243G,IA251G;
I243H,IA251H;
I243K,IA251K;
I243L,IA251L;
I243M,IA251M;
I243N,IA251N;
I243P,IA251P;
I243Q,IA251Q;
I243R,IA251R;
I243S,IA251S;
I243T,IA251T;
I243V,IA251V;
I243W,IA251W;
I243Y,IA251Y;
V244A,VA252A;
V244C,VA252C;
V244D,VA252D;
V244E,VA252E;
V244F,VA252F;
V244G,VA252G;
V244H,VA252H;
V244I,VA252I;
V244K,VA252K;
V244L,VA252L;
V244M,VA252M;
V244N,VA252N;
V244P,VA252P;
V244Q,VA252Q;
V244R,VA252R;
V244S,VA252S;
V244T,VA252T;
V244W,VA252W;
V244Y,VA252Y;
G245A,GA253A;
G245C,GA253C;
G245D,GA253D;
G245E,GA253E;
G245F,GA253F;
G245H,GA253H;
G245I,GA253I;
G245K,GA253K;
G245L,GA253L;
G245M,GA253M;
G245N,GA253N;
G245P,GA253P;
G245Q,GA253Q;
G245R,GA253R;
G245S,GA253S;
G245T,GA253T;
G245V,GA253V;
G245W,GA253W;
G245Y,GA253Y;
