"mutation","position","wt_aa","mut_aa","af2_struct_aa","af2_struct_seq_id","foldx_mutation"
"V121A","121","V","A","M","129",""
"V121C","121","V","C","M","129",""
"V121D","121","V","D","M","129",""
"V121E","121","V","E","M","129",""
"V121F","121","V","F","M","129",""
"V121G","121","V","G","M","129",""
"V121H","121","V","H","M","129",""
"V121I","121","V","I","M","129",""
"V121K","121","V","K","M","129",""
"V121L","121","V","L","M","129",""
"V121M","121","V","M","M","129",""
"V121N","121","V","N","M","129",""
"V121P","121","V","P","M","129",""
"V121Q","121","V","Q","M","129",""
"V121R","121","V","R","M","129",""
"V121S","121","V","S","M","129",""
"V121T","121","V","T","M","129",""
"V121W","121","V","W","M","129",""
"V121Y","121","V","Y","M","129",""
